load_case,metric,n,median,p95,maximum
All,rotation,15,0.0038361940786494353,0.016944365260416625,0.017384005862933982
All,translation,15,0.0008695160455078899,0.003250007405341526,0.0033160482022829285
SP2leg,rotation,3,0.016315892182123926,0.017277194494852977,0.017384005862933982
SP2leg,translation,3,0.0024571072802470617,0.0031452445140118246,0.003221704206652354
SP1leg,rotation,3,0.0019855582407688477,0.003976114465216196,0.004197287379043679
SP1leg,translation,3,0.0009478066197159407,0.0030792240440262295,0.0033160482022829285
LAB_phase1,rotation,3,0.0006763840097669394,0.0009836373953596349,0.00101777666042549
LAB_phase1,translation,3,0.00016283353292395608,0.00019014494775436848,0.00019317954940219206
LAB_phase2,rotation,3,0.0020669186251299765,0.005975792714961614,0.0064101120582762405
LAB_phase2,translation,3,0.00011802529334076217,0.0007298705355099244,0.0007978533401953869
LAB_phase3,rotation,3,0.013640578777027623,0.01644441095110675,0.01675594785933776
LAB_phase3,translation,3,0.001931753351901655,0.0028414885970704626,0.002942570290978108
