load_case,outcome,sex,slope_linear,slope_quadratic,ci95_low,ci95_high,p,n,q
SP2leg,rot_mag_deg,male,-0.6794267760928803,-0.6772229712371955,-0.888356915990905,-0.46608902648348605,3.2431619441788455e-10,278,6.486323888357691e-10
SP2leg,rot_mag_deg,female,-0.6053800528132692,-0.5973855222534301,-0.7552642890232013,-0.4395067554836589,1.2056533629737372e-13,278,4.018844543245791e-13
SP2leg,trans_mag_mm,male,-0.3655555526460704,-0.3629664097985966,-0.5259124288996797,-0.20002039069751354,1.2661793435576453e-05,278,1.4896227571266416e-05
SP2leg,trans_mag_mm,female,-0.4017130153863338,-0.392320631317242,-0.5117152932524797,-0.2729259693820043,1.1925820315121233e-10,278,2.6501822922491626e-10
SP1leg,rot_mag_deg,male,-0.622095887354251,-0.6166975095331475,-0.887844607046713,-0.3455504120195821,8.282593430338121e-06,278,1.1043457907117495e-05
SP1leg,rot_mag_deg,female,-0.5497103689197942,-0.5301271937792905,-0.7408196531447347,-0.3194347344138463,8.15998864056709e-07,278,1.1657126629381558e-06
SP1leg,trans_mag_mm,male,-0.4595836121482195,-0.455160159412887,-0.7050570012554498,-0.2052633175703243,0.0003571678075202505,278,0.0003759661131792111
SP1leg,trans_mag_mm,female,-0.3971518936931432,-0.3811053603617569,-0.5759029001885687,-0.18630782053494516,0.0001258157310721758,278,0.00013979525674686198
LAB_phase1,rot_mag_deg,male,-0.9156960278542496,-0.9158670439224027,-1.1452772836132539,-0.6864568042315515,5.088668511302702e-15,278,2.035467404521081e-14
LAB_phase1,rot_mag_deg,female,-1.0621209132222844,-1.0627412917369914,-1.2362993189746854,-0.8891832644992974,3.494499000901091e-33,278,6.988998001802182e-32
LAB_phase1,trans_mag_mm,male,-0.5675626922630114,-0.5688232648106082,-0.9278721131943852,-0.2097744164268312,0.0019023166046277992,278,0.0019023166046277992
LAB_phase1,trans_mag_mm,female,-1.003447249342989,-1.0080201069300219,-1.279978606172372,-0.7360616076876718,3.740074890724475e-13,278,1.0685928259212785e-12
LAB_phase2,rot_mag_deg,male,-0.540518093331258,-0.5413183770035623,-0.7153242042155027,-0.367312549791622,1.0787963626603307e-09,278,1.797993937767218e-09
LAB_phase2,rot_mag_deg,female,-0.6737087501458419,-0.6766118621243369,-0.8055547955162057,-0.5476689287324681,8.262886208526994e-25,278,5.508590805684663e-24
LAB_phase2,trans_mag_mm,male,-0.817632635193551,-0.8220321601040488,-1.1874758487037451,-0.4565884715043525,1.0396427330741698e-05,278,1.2995534163427122e-05
LAB_phase2,trans_mag_mm,female,-0.946549469630255,-0.9625092022967285,-1.3104149374246228,-0.6146034671688343,5.880476205227976e-08,278,9.046886469581501e-08
LAB_phase3,rot_mag_deg,male,-0.8497532524921785,-0.8487204095626382,-1.0467595019185705,-0.6506813172067059,4.477656522910678e-17,278,2.238828261455339e-16
LAB_phase3,rot_mag_deg,female,-1.0452593874659173,-1.0415126426747796,-1.2351880893405527,-0.8478371960090066,5.653594385534128e-26,278,5.653594385534127e-25
LAB_phase3,trans_mag_mm,male,-0.6999876997478145,-0.7004402206352702,-0.923497143438969,-0.4773832978315714,7.524280667511269e-10,278,1.3680510304565943e-09
LAB_phase3,trans_mag_mm,female,-0.9038272782476452,-0.905468844675098,-1.161266233181595,-0.649671456168601,3.9808551345275605e-12,278,9.952137836318901e-12
