load_case,outcome,model,beta_linear,beta_quadratic,ci95_low,ci95_high,p,n,q
LAB_phase1,rot_mag_deg,M0,0.0737278672774603,0.07350115452097696,0.0636124811140531,0.08338982792790081,4.478965718582889e-48,278,
LAB_phase1,rot_mag_deg,M1,0.0353504761171704,0.03540223360018285,0.025093451165219674,0.04571101603514603,1.6864840688244164e-11,278,
LAB_phase1,rot_mag_deg,M2,-0.0092721984904285,-0.00915495705085189,-0.02614846088591944,0.00783854678421566,0.29101537220637697,278,0.5820307444127539
LAB_phase1,trans_mag_mm,M0,0.0548457727008324,0.05477718502266656,0.04558830737180621,0.06396606267352692,1.5418307875164854e-31,278,
LAB_phase1,trans_mag_mm,M1,0.040408122956484,0.040411514446825926,0.028368689179405642,0.052454339714246206,4.8018188960032385e-11,278,
LAB_phase1,trans_mag_mm,M2,0.0129691830420244,0.013011605775087712,-0.005470282886588119,0.03149349443676354,0.1676320904295362,278,0.5758480880902643
LAB_phase2,rot_mag_deg,M0,0.0936556446032401,0.09331296079576425,0.06862684536343444,0.11799907622809405,1.2762064146416297e-13,278,
LAB_phase2,rot_mag_deg,M1,0.0039854822582183,0.0039263458998375494,-0.021016511802029618,0.028869203601704717,0.7576828380208245,278,
LAB_phase2,rot_mag_deg,M2,-0.0166233400081026,-0.016832570627213467,-0.07043000758273599,0.03676486632830906,0.5381998139673996,278,0.7461081307933238
LAB_phase2,trans_mag_mm,M0,0.071419660327915,0.07138602797750489,0.05196508502446116,0.09080697093054861,5.834841979497932e-13,278,
LAB_phase2,trans_mag_mm,M1,0.040914900425121,0.04081492873061,0.017000831664666833,0.06462902579655318,0.0007817470329418747,278,
LAB_phase2,trans_mag_mm,M2,-0.0312456770571087,-0.031579081070066906,-0.0790133595275766,0.01585519738744278,0.19194936269675478,278,0.5758480880902643
LAB_phase3,rot_mag_deg,M0,0.3547144618258082,0.35355521795885414,0.3135844728314531,0.3935259630862552,2.491830140429343e-67,278,
LAB_phase3,rot_mag_deg,M1,0.2356557973719858,0.23625528785145367,0.18946818975682894,0.2830423859460784,4.2895436238821676e-23,278,
LAB_phase3,rot_mag_deg,M2,-0.0214409097304182,-0.020796257926129103,-0.10341289741757877,0.06182038156532056,0.6217567756611032,278,0.7461081307933238
LAB_phase3,trans_mag_mm,M0,0.2584905536158266,0.25808078031257337,0.22934710827093768,0.28681445235420905,2.2931812317305042e-69,278,
LAB_phase3,trans_mag_mm,M1,0.2119639426658004,0.21215658277840885,0.17506391189093695,0.24924925366588074,3.6303926116755917e-29,278,
LAB_phase3,trans_mag_mm,M2,0.0019669318416666,0.002017636526673472,-0.06008100279415937,0.06411627584750632,0.9492243431442499,278,0.9492243431442499
