subject_idx,n_cells,min_J,p001_J,p01_J,median_J,max_J,n_nonpositive,n_nonfinite,reference_volume_fraction_nonpositive
0,166808,-0.2791141170534231,0.4222400177359753,0.5370694871379191,1.1525103119876199,4.512396460060069,1,0,3.07132890404318e-06
1,166808,-0.29249727513619195,0.3703604729054934,0.5121937913112348,0.9254253287213525,3.2624320183181097,2,0,4.1181675568483786e-07
2,166808,-0.09321337769959158,0.4119080957415237,0.59880176520822,1.031202910822548,4.1620456361325,1,0,3.7358367850703815e-07
3,166808,-0.1140924446365882,0.2771692914707606,0.35403787564183736,0.6717741309357346,2.1759988495452047,1,0,1.8519058390597402e-08
4,166808,-0.14935950265235318,0.5655316777734588,0.6799738687565039,1.1256297309260308,3.734642487947194,2,0,1.4273627209681533e-06
5,166808,-0.4658661926027268,0.43607593249621285,0.5279239002621494,0.8288712513070262,2.594041942693287,4,0,1.0925946390331648e-06
6,166808,-0.38748140226305733,0.40743439081957067,0.5374556817993799,0.8319775318737389,2.1022868927902025,2,0,3.0808349561216375e-07
7,166808,-0.1460235759673544,0.3877307565562582,0.4646607418923345,0.7995532279722224,3.4251180429818366,1,0,1.8519058390597402e-08
8,166808,0.16443079559660193,0.32253870954353786,0.38437414139469794,0.8493468038806817,2.78772313802054,0,0,0.0
9,166808,-0.32516805315328057,0.35881712987896214,0.4273384348207458,0.7922349155945256,2.476569914546805,3,0,9.97642768059969e-07
10,166808,-0.35764749350332176,0.47537688619623775,0.5524058980208718,0.853263462856799,2.642384869268017,2,0,3.0808349561216375e-07
11,166808,-0.32589571553057717,0.41889044327146896,0.5343548929128169,0.8261734169489771,4.279957904661898,2,0,3.45205040186908e-07
12,166808,-1.1926845714540888,0.512044811699639,0.6386820096649164,1.1318417132107066,3.3120568778801425,1,0,4.591189982977481e-08
13,166808,-0.19094957674037172,0.3159591796425222,0.41691946286590453,0.7623048594212256,2.8665847210023814,3,0,3.439626328564392e-06
14,166808,-0.17821449031527226,0.44636302084001495,0.5344594498326644,0.918633712444315,3.8590810611561324,1,0,2.5243208268811885e-07
15,166808,-0.20667611939894504,0.4091913568141575,0.5507187582560475,0.8977077096644666,2.807798342748513,3,0,1.3300913442675607e-06
16,166808,-0.0390889228543713,0.3438737556683455,0.44621943514352536,0.8099436696707638,2.748366496236048,1,0,1.4376543090085595e-07
17,166808,-0.01198155305125874,0.35050859741518425,0.4318706793165908,0.8041115805585226,3.438312942471134,1,0,2.5207977468843566e-07
18,166808,0.05902617655121028,0.3565446012368989,0.43619892402279803,0.7740692175895942,2.514012076969783,0,0,0.0
19,166808,-0.11980341351641925,0.4319315936346562,0.5705259568740433,0.947040205704587,2.9684379691708638,1,0,4.591189982977481e-08
20,166808,-0.9764863713359443,0.316314453111784,0.39633511535255916,0.7169449767387757,2.6363135606022943,4,0,2.666291105276991e-06
21,166808,-0.04460654892867397,0.2738175785169213,0.359323485037987,0.6573413077384469,2.0525764699849467,2,0,2.310593399498977e-06
22,166808,-0.7473447215482795,0.4622051434897696,0.591414649289751,1.0055373510031635,3.3725837946527513,1,0,2.6217159578238897e-07
23,166808,-1.0877705506620707,0.34233321519807597,0.4351301332168392,0.6971614718048652,2.494600877236666,4,0,2.682461140809771e-06
24,166808,-0.17727127262440057,0.3931709921578353,0.4883950166144948,0.9136037935935343,2.8478437974642987,2,0,4.1947076131791877e-07
25,166808,-0.2982462805048741,0.38548217381570976,0.5129560727133307,0.8952866387643474,3.5750603754901404,5,0,5.273062126981273e-06
26,166808,-0.16066382072981075,0.37019841461306585,0.4848517317394699,0.7512920459243961,1.8602368403358875,1,0,4.591189982977481e-08
27,166808,-1.296507691723108,0.42551676604775457,0.5496119538116809,0.9360751759788233,3.574294811797122,2,0,3.0808349561216375e-07
28,166808,-1.4159132756324189,0.4792540977825144,0.5951414831998231,1.0620812855754074,3.593566362899366,2,0,1.8967733073063076e-07
29,166808,-0.7751931135707814,0.5031753638839687,0.5910050839461896,0.909772373841687,3.5333919061579206,1,0,4.591189982977481e-08
30,166808,0.14232019807925395,0.426251978663229,0.5089781201151372,0.8210122757733638,2.513831058928663,0,0,0.0
31,166808,-0.11974572427855204,0.41714750967868597,0.5565447923188936,0.8651206624858694,2.5266091571228033,1,0,3.824520542358772e-07
32,166808,0.09784968471390361,0.41965957613104543,0.5068703366784633,0.961425807483657,2.147200108063305,0,0,0.0
33,166808,-0.03249201540370417,0.46453482651009903,0.5737082376471563,0.9865952449931296,3.354602564642344,1,0,2.6217159578238897e-07
34,166808,0.07537387274376386,0.4312563677405108,0.5590492910039447,0.9358557109272128,4.0466293824018225,0,0,0.0
35,166808,-0.22093288794980157,0.37315543684828745,0.4811522422948765,0.9397963672841881,2.280156258517293,1,0,1.974306675836467e-06
36,166808,-0.5599140067997609,0.3546903437586832,0.4331284022609541,0.7465910654683936,2.3095810502316994,3,0,3.4036765103953275e-07
37,166808,0.0599524746418941,0.3301571515393839,0.4080143802552621,0.6817404810376648,2.3409339631891126,0,0,0.0
38,166808,0.008286368652873518,0.3793089215210287,0.5774210666645143,1.1252717681974747,2.9588651317803674,0,0,0.0
39,166808,-1.2288724029664775,0.4405942545434192,0.5891432463527818,0.8609600609118084,2.9373709082113635,1,0,4.591189982977481e-08
40,166808,-0.2704440407924947,0.37751278277804473,0.4356151678880535,0.7247846861374068,2.2885757137852694,2,0,6.443095822037221e-08
41,166808,-0.9180287522871475,0.2115594392729187,0.25700654389504873,0.5431367325265977,1.878557192624177,3,0,5.604890989134462e-07
42,166808,-0.037402866642093746,0.4115809287810404,0.5011921545911328,0.8589683630579381,2.550942300539132,1,0,4.591189982977481e-08
43,166808,-2.1129859097933137,0.48335940579784925,0.5728638883027654,1.0828881023730381,3.7965223906472616,2,0,3.2184859264893535e-07
44,166808,-0.3336383854432923,0.37424366282474564,0.5036778200351029,0.8853090528947172,2.9598106735831067,5,0,9.383047831471977e-07
45,166808,-0.128122329768702,0.26087574236422656,0.31874628369876135,0.6876131096581501,2.567442133226437,1,0,4.591189982977481e-08
46,166808,-1.585448180142191,0.6153369781301463,0.7708611470264966,1.1365434981772795,4.100649834338306,2,0,1.4273627209681533e-06
47,166808,0.025800587430722673,0.43484464132633605,0.5652871561960594,0.9378253330382513,2.865715308017031,0,0,0.0
48,166808,-0.5845630962230892,0.3658315300736683,0.46437695912866667,0.7721544058113423,2.2389340397005895,2,0,1.8967733073063076e-07
49,166808,-0.26454197603497315,0.4480295769005307,0.540742761092934,0.789029013138399,2.4467822374899004,2,0,2.833681293922915e-06
50,166808,-0.11652434833811831,0.56213352775921,0.6737100701844352,0.9877205027412832,2.835655586533864,1,0,4.591189982977481e-08
51,166808,0.1701954550082812,0.538880171430534,0.6112116056411339,1.0788978604882746,4.8565895314772325,0,0,0.0
52,166808,-2.2009924816794095,0.4854215900198717,0.5829705427580546,0.8932323508208646,2.3133121212036554,2,0,3.2184859264893535e-07
53,166808,-1.491080513449292,0.4275345909543445,0.5233063625950813,0.9336567989000403,3.1009505059665634,2,0,3.3559054468929706e-07
54,166808,-1.4726101145541286,0.48830695851617767,0.5857427250380276,0.9336597867964904,2.7662645423195094,1,0,4.591189982977481e-08
55,166808,-0.32202413968719773,0.30587226800837797,0.3889239174997377,0.6945713341910029,1.5754337828414149,2,0,3.6540239848209298e-06
56,166808,-0.5683339923621307,0.37844923576296885,0.5193447262276804,0.873185024174124,3.0322940974519286,2,0,3.2764399749573454e-07
57,166808,-0.4365841038261536,0.36438000947076815,0.4754828398687749,0.8162450670644879,3.337071474299257,1,0,4.591189982977481e-08
58,166808,-0.6542586288386598,0.3470649212904033,0.442573775185344,0.739429545880297,1.8165089460871924,4,0,3.7257286555495732e-06
59,166808,-2.0528511803120626,0.3931102913667227,0.5104828702475944,0.8996383317443497,2.529605729617838,2,0,3.885555935422876e-07
60,166808,-0.27145609570679413,0.40805209273878923,0.5471573111952577,0.8575020986626404,3.0169280914145347,2,0,6.26015761195157e-07
61,166808,-0.8383326820161427,0.44859032956310885,0.5423157119962627,0.8280866130096212,2.9681710393517027,3,0,6.298668541716194e-07
62,166808,-0.1011832478376086,0.4457178193535861,0.521505946565545,0.8834523402865668,2.618719534389098,1,0,4.591189982977481e-08
63,166808,-0.09873507638035482,0.40450844359125804,0.5304204648227973,0.8794414238461568,2.871885245925109,2,0,2.2177933406901063e-06
64,166808,-0.5832191216495998,0.3099044511872674,0.3829613816201121,0.6881937406376737,2.9911386829242903,2,0,2.9799167451821044e-07
65,166808,-0.20123035022109823,0.4970183294830511,0.5851612431475385,0.8761783188392518,2.7831384045674703,2,0,1.18333007530413e-06
66,166808,-0.55032205080927,0.35458311421345834,0.41305768437143836,0.8414361451411682,2.5668568884942613,2,0,2.7914928101765084e-06
67,166808,-0.6088498307451445,0.43952378110807044,0.5218300205778316,0.7979972690025762,2.298353981980476,3,0,5.197388985791412e-07
68,166808,-0.5625615800361822,0.4889735372895316,0.6648084072234745,1.041762580784833,3.0861716158590218,2,0,3.0808349561216375e-07
69,166808,-1.2495556925109756,0.46041139401207587,0.5577251924020967,0.8516967802387873,3.044816069562116,2,0,3.3559054468929706e-07
70,166808,-0.2952237070635391,0.32074695668233477,0.41106591637166107,0.6658244154801854,2.708902741173152,1,0,4.591189982977481e-08
71,166808,0.1547555535312384,0.42178049760154346,0.602924709511421,1.0715708980572551,3.6894940137362,0,0,0.0
72,166808,-0.3456621030350395,0.43041007581057406,0.5335906229674786,0.8947382226577,2.3895910068680584,2,0,4.823245413577231e-07
73,166808,0.06117193430924165,0.3575395889524348,0.4160101772423784,0.6808909780624293,2.1809127456238824,0,0,0.0
74,166808,0.030383739902729464,0.514176346461636,0.6228041193886352,1.0956965990928151,2.699231046816852,0,0,0.0
75,166808,-0.727547906368302,0.4905140072605218,0.616472003757572,0.9547224028281843,3.175270287126891,4,0,1.2632008195296568e-06
76,166808,0.11697196893004831,0.3828228184712249,0.49108756401541337,0.8160666359786845,3.0884925302245905,0,0,0.0
77,166808,-1.4198835987975484,0.5219533980827954,0.6457831609730256,1.1051250642636448,2.9851408589417323,3,0,4.656140235497913e-07
78,166808,-0.49120138256969526,0.4629026313143494,0.6546349706830698,1.0171983579708095,3.6158224255274436,3,0,3.2124025847652477e-07
79,166808,-2.5834614972664,0.36315180124472757,0.4489505496543619,0.7364867593259352,2.4013794440783056,3,0,8.276197915271257e-07
80,166808,-0.3349191024302213,0.5484060754035633,0.6411689400687675,0.9837427170158185,3.9722136011862252,1,0,4.591189982977481e-08
81,166808,0.01491694887068125,0.4091779896008668,0.5578226264896982,0.9358777768045063,3.1538384438508427,0,0,0.0
82,166808,-0.04780300458740918,0.311204209487942,0.41694008691048945,0.7131688111997483,2.076867244669625,2,0,1.8395852209382905e-06
83,166808,-0.9984489282938647,0.45457586456304433,0.5344375823915029,0.8849372911498676,2.580206101544701,1,0,1.8519058390597402e-08
84,166808,-0.2316936834297201,0.3177918098636287,0.38718684393138575,0.7455157417389827,2.2221884984927747,1,0,1.8519058390597402e-08
85,166808,-0.7800189675046023,0.40238223323830197,0.5288653839998813,0.8617368127407151,2.6883967178181227,2,0,3.844710102866419e-07
86,166808,0.05020517787427129,0.3448425232339353,0.474972825631036,0.8430159048144565,2.7665715574097476,0,0,0.0
87,166808,-0.10223192755024427,0.3881538374212119,0.5012037392754091,0.9031767241008196,2.5076163763086705,1,0,2.759366928191605e-07
88,166808,-0.6682491327060099,0.32109371443353507,0.43413195756677314,0.75918499344098,3.3683889286277733,1,0,4.591189982977481e-08
89,166808,-0.22886585417505984,0.4837262904213727,0.5707552511993821,0.8614838987568296,3.398523019839069,1,0,2.759366928191605e-07
90,166808,-0.7869986105989871,0.36353556402544424,0.424485636729259,0.7102854392700914,3.1939165654195305,4,0,6.575836103574382e-07
91,166808,-1.0516733965139917,0.5420193137570051,0.6672120781390428,0.9892729059056629,2.5563763860100357,2,0,2.2176710172635685e-06
92,166808,-0.8836176534210984,0.3657419609361183,0.4695675470999594,0.8756611411949456,4.486372094687395,2,0,4.823245413577231e-07
93,166808,0.12885655860827025,0.3794676419399168,0.47248379500984605,0.7742402771172717,3.3717025562817446,0,0,0.0
94,166808,-0.20335083465355083,0.3600007327117546,0.6666912952019769,1.1061013435181002,3.9898286719788003,1,0,4.591189982977481e-08
95,166808,-0.8250440496857301,0.46542624323622395,0.5861009241819208,0.9248034612256194,3.067037694000194,2,0,6.443095822037221e-08
96,166808,-0.19259900054630813,0.3142585615651846,0.3748146478589463,0.7640270222389403,2.313611924491963,2,0,6.443095822037221e-08
97,166808,-0.24783413789591946,0.3532417907541223,0.4314612347020028,0.7964139359610458,2.8195901510265386,2,0,3.3401308542014684e-06
98,166808,0.21148979150827477,0.593275145647927,0.7037358989913143,1.0561813064801526,3.4760705507984953,0,0,0.0
99,166808,0.00222680069093406,0.5125994478202497,0.6524545992121757,1.1798327158528963,3.857842045788011,0,0,0.0
100,166808,-0.7893380729203113,0.3766893936408467,0.5515011921159824,1.134560521493961,4.300334400368299,3,0,7.993891408988113e-07
101,166808,-0.46822355100014706,0.37649439992120926,0.47475980404968604,0.8559965477996624,3.898008498764931,4,0,4.348530694480696e-06
102,166808,0.027457121378165836,0.41229292220092933,0.48569557960721815,0.8427023669489666,2.3081410332885115,0,0,0.0
103,166808,-1.2727230420833688,0.4772335636521948,0.5453869801762505,0.8339047607114094,2.2913401647189517,1,0,4.591189982977481e-08
104,166808,-0.4483563771181306,0.4739527311612395,0.6488098258155002,1.2202314255368547,3.584649222418264,5,0,2.495774883783377e-06
105,166808,-0.11393203124972219,0.32719259090475383,0.40014608190944906,0.6536353680365568,2.4058466200431776,2,0,3.0808349561216375e-07
106,166808,-0.11087268468504577,0.47339398468217764,0.568672114951929,0.9307109912918307,3.030971225174376,3,0,2.5188284778407312e-06
107,166808,-0.5340554375859672,0.38491340531908164,0.4590096799959691,0.7959655330549673,4.125644312500833,2,0,2.983861901326751e-06
108,166808,-0.2941128142859904,0.4828841523452904,0.6137126092158065,0.9435966130339277,3.7782047579522,2,0,3.0808349561216375e-07
109,166808,-0.03969409812204742,0.33715238356779753,0.41121719234513515,0.9932685576821361,5.101534330413125,1,0,1.980321312631154e-06
110,166808,-0.061738292237629354,0.3811714476566971,0.43029492877826037,0.6761610490301224,2.1560978724289326,4,0,4.114083727199911e-06
111,166808,-1.9601978380304363,0.5531316426765891,0.6557042769782288,1.0890164892516694,3.21276613201974,2,0,3.844710102866419e-07
112,166808,-0.07423828953435439,0.3663019673224705,0.4461762048656163,0.698359484405034,2.232681598996993,1,0,2.759366928191605e-07
113,166808,-0.17655363826864912,0.4517731158716401,0.5466376751716622,1.0220890817125434,3.2103884055126,1,0,4.591189982977481e-08
114,166808,-0.28455746269848686,0.440863077294845,0.5546170272339421,0.9144868114135132,2.9715076028664327,1,0,4.591189982977481e-08
115,166808,-2.0010212165048036,0.5081085748404551,0.6247315045504669,0.9326827110834774,3.7927023686075296,4,0,9.466835279523335e-07
116,166808,-0.1353504416224904,0.39104835761912526,0.46568274771510093,0.7338877911740072,3.2878998670282633,1,0,3.745520401079904e-07
117,166808,-0.44272181112865105,0.4828981313414763,0.64983920465576,1.3177316970132718,4.540214247689665,5,0,3.0862761929387133e-06
118,166808,-1.6742061076300625,0.5314362286593842,0.6349456994689625,0.9568307460225938,2.996162574771925,1,0,4.591189982977481e-08
119,166808,0.06366256927554201,0.5119316412271109,0.6173247896162241,0.9476274179672998,3.657873364633583,0,0,0.0
120,166808,-1.2669795379054742,0.43579660279614496,0.6002587279479149,0.9933497199900072,4.437211412345139,1,0,4.591189982977481e-08
121,166808,-0.07122647737539842,0.4260024876892855,0.5188744596645822,0.7942454253390601,2.415287807178378,1,0,4.591189982977481e-08
122,166808,-0.29467121004623165,0.3911741168307866,0.44103168870359727,0.6868792294816822,2.194563826461711,1,0,4.591189982977481e-08
123,166808,-1.5996959106493547,0.40431169786575977,0.5304586478109538,0.8087202954606488,2.4771521704481,1,0,4.591189982977481e-08
124,166808,-0.7029201493524687,0.328312444013571,0.41652613825725854,0.794030405799611,3.6474400322077227,2,0,5.570244791307782e-07
125,166808,-1.6241458800481503,0.4353438528839804,0.5476973448078285,0.9149468371517514,2.8797017194277097,1,0,4.591189982977481e-08
126,166808,-1.0646623460747,0.4214940029610654,0.4916999838087329,0.876417751277802,2.217746491768787,2,0,6.443095822037221e-08
127,166808,-0.2468782004011006,0.3747150938094943,0.4842520670754551,0.8461142728341156,2.8507379682823375,3,0,3.165107329088079e-07
128,166808,-0.26499010182421334,0.3631628925444996,0.47929388588428623,0.8078404653113798,2.067739066627301,2,0,5.928410371839142e-07
129,166808,-0.8849167762340429,0.5507146297717117,0.64626238358867,0.9443024831956595,2.8690593955990242,1,0,4.591189982977481e-08
130,166808,-0.9417317174263758,0.31120733918753196,0.36587871296821484,0.6206685799568302,1.663109857904008,1,0,4.591189982977481e-08
131,166808,-1.5737970051431316,0.445188846819664,0.5345756024328241,0.8793602459625169,3.028473915249071,2,0,3.0808349561216375e-07
132,166808,-2.0161593372537094,0.453468400288963,0.55125544582132,0.9155118906887704,2.4528141473293847,1,0,4.591189982977481e-08
133,166808,-0.36539667451463687,0.3893081514690661,0.48316265798856056,0.750955614221017,2.098633539913885,2,0,1.6228448929145334e-07
134,166808,0.02471773944284959,0.5126311325091241,0.6942899722231743,1.1120601993727093,3.489135824453727,0,0,0.0
135,166808,-1.7536768269580334,0.5149623117945958,0.6555652476970293,1.0162770579419842,3.339004206441994,2,0,3.2995528252270065e-07
136,166808,-0.8808507033890821,0.39921203908668096,0.4784999416198533,0.8204635743146607,2.4711369111808974,1,0,1.8519058390597402e-08
137,166808,-0.2958183396291976,0.2820678687112553,0.34535309873762354,0.5994815148746523,1.8334740218498824,3,0,1.0745431294191218e-06
138,166808,-0.042021840566291206,0.3976885406623143,0.4901477847575326,0.816130628233225,2.001297549298605,1,0,2.524056033012824e-07
139,166808,-0.13145277537230604,0.39794441300282013,0.47510710851281474,0.742599618069516,2.316431147684043,1,0,4.591189982977481e-08
140,166808,-0.09277463125831888,0.44174872596871667,0.5508665604238739,0.961397994882401,3.0234839056634604,1,0,3.824520542358772e-07
141,166808,-0.6851460824872312,0.5637647437942945,0.6677306864962019,0.9913529619008327,2.8370649684476037,1,0,4.591189982977481e-08
142,166808,-0.0667033322374963,0.4354504207740425,0.5457101133726792,0.9888069835552024,3.3496427465166785,1,0,6.105697025267189e-07
143,166808,-0.4576677882753763,0.32215428078931374,0.39575256809719533,0.6832647881393036,2.520760741141071,3,0,6.630539805042109e-07
144,166808,-0.6788818392530682,0.334800492659271,0.39785034185568713,0.6955579793173505,1.832149811795811,1,0,4.591189982977481e-08
145,166808,-1.0074715916064771,0.40329031939885723,0.5558564638737221,1.0141389921623691,2.681100333996811,4,0,5.969455888935876e-07
146,166808,0.03880686312028549,0.45613965491664515,0.590277956675372,1.1159451356725287,2.8654184347978138,0,0,0.0
147,166808,0.16241374407129314,0.4220581609946676,0.522784550799396,0.8618927659160349,2.5160947267160974,0,0,0.0
148,166808,-0.08909486248381894,0.33243738834553543,0.4326119775588242,0.8033992705608775,2.319884384049801,2,0,5.0340227628571505e-06
149,166808,-0.8228019576050561,0.42756460422983816,0.5307914669544923,0.8197479392104239,2.703362313764584,2,0,3.178121987477306e-07
150,166808,-0.17465419045333688,0.3257213646102187,0.41165433524295575,0.9377978971482767,3.218413558499188,2,0,3.0819770325011967e-07
151,166808,-0.08030106105148963,0.3217822937832266,0.4864667377699571,0.9555610687526224,3.0457565143985526,3,0,3.108802355070844e-06
152,166808,0.1645474045297434,0.43578764097893746,0.5296246860529856,0.8974278017593489,2.1353900006460877,0,0,0.0
153,166808,-0.6075342451595551,0.32808110669400425,0.39765289344683746,0.67753313829763,2.236094725740922,2,0,4.19495578336813e-07
154,166808,-0.06368963654608582,0.29757025775203494,0.38017703608114006,0.7136470890996764,3.2506480010759367,2,0,3.0808349561216375e-07
155,166808,-0.16837928292605522,0.4268299548463386,0.570776440479475,1.0780737906565887,3.5831460212458675,1,0,3.103086325605047e-07
156,166808,-1.505409282709594,0.4862322260425985,0.6056266154698088,1.099179658851773,3.5265817854453347,1,0,4.591189982977481e-08
157,166808,-1.029542298612574,0.40368598523274196,0.5003429279265523,0.801814918244071,3.0595493264935256,2,0,6.348576575371597e-07
158,166808,-0.10332163278944871,0.23731353688732282,0.2918023791653193,0.5300778586751296,1.35395119263989,2,0,4.657047678872589e-06
159,166808,-0.7122806382389145,0.5812477425080279,0.7126033525933907,1.0812984889193227,4.575341883423264,1,0,4.591189982977481e-08
160,166808,-0.2875225017648827,0.3212969203371369,0.3938001418915048,0.656896393361722,3.720226739577655,5,0,4.434550135517311e-06
161,166808,0.175375463593323,0.5906028734016856,0.7043427280649112,1.167591505220267,3.238166831219841,0,0,0.0
162,166808,-0.3326640525081649,0.31612560048628274,0.38865261788865973,0.7897653617409388,2.238710358617082,2,0,3.2184859264893535e-07
163,166808,-0.7544529759293832,0.4256027648665404,0.5067189846121073,0.8949538486909524,2.688721661397256,1,0,1.8519058390597402e-08
164,166808,-0.39384464360331917,0.387144726842913,0.46166708787353866,0.8492844513185134,2.57649919686198,2,0,6.443095822037221e-08
165,166808,-1.5874210201441026,0.32504480047509593,0.4077935166769206,0.7549522195608784,2.1512122605655746,2,0,3.423999191831544e-06
166,166808,0.09916687013901895,0.5419302353411227,0.6621846039601217,1.0641962646031327,3.150248355092416,0,0,0.0
167,166808,-0.16280790414090926,0.48018131633155636,0.6488363744494845,1.1257005078845845,3.0401352934454513,1,0,4.591189982977481e-08
168,166808,-0.25480789466313564,0.4821165433460798,0.5679279656208931,0.9092567872418159,2.3074996469048656,1,0,2.896786448595222e-07
169,166808,0.008607860059615637,0.29168037775578004,0.3785056112968916,0.6213973760005971,1.4849506381297235,0,0,0.0
170,166808,0.002449789448512484,0.5361597395714007,0.6516640724191249,1.0616791216133765,3.3703484540795294,0,0,0.0
171,166808,-2.4032952109376318,0.4912416102567133,0.6892695798840486,1.2783778631195442,3.6211069738528296,5,0,3.79005038496333e-06
172,166808,-0.04778470604704169,0.36913034254161614,0.4567694146416587,0.7522406981579149,2.7294886009944004,1,0,2.9929314035713316e-07
173,166808,-0.2807592329630242,0.3590303985188471,0.44892710287677207,0.7958625600405151,2.5454059707933228,2,0,3.3559054468929706e-07
174,166808,0.05005352128299024,0.329489119913852,0.4031249199743958,0.7322864649261416,2.9956452614764184,0,0,0.0
175,166808,-0.9674766242922136,0.2852633016009195,0.34915439127369846,0.6237165774697095,2.0529090745633463,3,0,5.898155932781235e-07
176,166808,0.0160471442848372,0.42736600513906653,0.5126864222063472,0.7711838766036845,2.184414267723869,0,0,0.0
177,166808,-2.266668314547752,0.40415411738285334,0.4901278773126975,0.8750148681084288,2.6475083815932656,1,0,4.591189982977481e-08
178,166808,-1.8078510264827758,0.3731120567083044,0.5127384405444539,0.9747172688393746,2.4664583674243707,2,0,2.0613220899932473e-07
179,166808,0.016918583211677243,0.429552738467155,0.5065469713773896,0.8969477135382107,3.389411774565995,0,0,0.0
180,166808,-0.8116407208649978,0.4825735648364604,0.5832159628212661,0.97046352898439,3.5394165371949415,1,0,3.824520542358772e-07
181,166808,0.1705616738389715,0.3950831672004974,0.46537790415759445,0.7309724927959454,2.217935518481974,0,0,0.0
182,166808,0.10759995034332002,0.531096850783053,0.7231208004083277,1.2402401084312187,3.351313433579603,0,0,0.0
183,166808,0.26699015300885626,0.5128650919350073,0.6484941993042018,1.0630749455361983,3.040514647092727,0,0,0.0
184,166808,-0.19785657530863524,0.46113778498726743,0.538356357107939,0.8761164275482382,2.9965898960013537,2,0,5.073757578603196e-07
185,166808,-0.13731472621804697,0.544745167996067,0.6423612169085755,0.9299525339960732,2.913225115526461,1,0,2.896786448595222e-07
186,166808,-0.6257944588920071,0.356466095062118,0.45043210530175964,0.734315281613105,1.925414731674587,2,0,3.5622053239027956e-07
187,166808,-0.025362572970511865,0.49758901103714803,0.7286196840454462,1.3487460546377679,4.370634097002837,1,0,1.0450808007931517e-06
188,166808,0.1559650516536129,0.365017422524199,0.4375012389380049,0.7858325753283439,2.5492905188955572,0,0,0.0
189,166808,0.03502518837786564,0.3988930835713576,0.4760780741451924,0.9076516368849858,3.5182919923469202,0,0,0.0
190,166808,-0.5517111460311378,0.4531042147501787,0.5412239063669277,0.9877794154508045,3.296060422738007,1,0,4.591189982977481e-08
191,166808,-0.1355200952675959,0.26579644244622364,0.3267403487721651,0.7587670415160802,2.85807206280604,2,0,8.712586252606345e-07
192,166808,-1.527153101340057,0.28608857972551865,0.3872696159195949,0.8075363648626419,4.259402516428413,1,0,4.591189982977481e-08
193,166808,-0.4353978433008613,0.3795083811115825,0.43059947038200835,0.6880569506523742,1.7430268694841244,1,0,4.591189982977481e-08
194,166808,0.13183874566985554,0.3842879825597065,0.5762511280072266,1.0204875808542293,4.069237012360085,0,0,0.0
195,166808,0.030210220553581264,0.36828319006941546,0.45050242563754717,0.7730253389067065,2.9560286907234423,0,0,0.0
196,166808,-0.7726393584793076,0.27401281414106643,0.3488466271355266,0.5792915486252077,2.1307411219751895,3,0,4.71701969957072e-07
197,166808,-0.29663235889449835,0.3979472519713211,0.4839856781838131,0.8395957235593785,2.869765512804631,1,0,2.759366928191605e-07
198,166808,0.11265053564284748,0.4150396988544561,0.5016073112652321,0.7782838205409415,2.6650370670676438,0,0,0.0
199,166808,-1.4839482106688378,0.44109181181538804,0.5498292771167215,0.9396873054231426,3.751126742434042,1,0,4.591189982977481e-08
200,166808,-1.206859914449184,0.42733485360063644,0.5120665558923985,0.8128058162368701,2.5655493606439537,1,0,4.591189982977481e-08
201,166808,-0.2128503159011,0.28658223999017285,0.40266885918688883,0.7862491378451099,2.425053430281317,2,0,5.835381566394551e-07
202,166808,-0.49263385813412386,0.33357209255801384,0.3982229467933077,0.6090936470410615,1.5073802796366493,3,0,4.452006908971654e-07
203,166808,-0.05127690193052176,0.45318288885142877,0.5805993125667562,0.9065291745698498,2.9951078079186355,1,0,3.385591104568671e-07
204,166808,-0.5874477662882432,0.42260455703285965,0.490552406871984,0.757867750633627,2.075671977441721,1,0,4.591189982977481e-08
205,166808,-0.012042591504607708,0.42215438360312096,0.5079979582273064,1.0278489999083336,3.0638710658380495,1,0,6.105697025267189e-07
206,166808,-0.33483170320320743,0.4627473684303193,0.5357019840670308,0.9492001862554611,2.8075760374018275,2,0,1.777902677716233e-06
207,166808,-0.019055858153153128,0.3557011484993164,0.43930609971999346,0.8401837733282227,3.1831784988914538,1,0,3.1205465542388884e-07
208,166808,-0.04384066618555817,0.4259989028035535,0.518201886423462,0.8481435506450912,2.9460781576103567,1,0,2.840433826929258e-07
209,166808,-0.0975072459776683,0.3340929706168222,0.4099907975412143,0.8772845126828097,3.0120567901900905,1,0,2.6217159578238897e-07
210,166808,-0.19685510016461563,0.4062603039258273,0.5206819028312478,0.9215060523195572,3.294807502973028,1,0,2.597360636140738e-06
211,166808,-0.3872797435274584,0.4211871376314929,0.5024845930652145,0.7782371879696222,2.342066764882363,2,0,6.513521600421886e-07
212,166808,-0.7614776878055975,0.5314009081300302,0.6167032350843479,1.0071166936171405,2.498808772660706,3,0,6.818737195024054e-07
213,166808,-0.024304649266452632,0.3757706763495945,0.47696341870826875,0.806859719358087,2.498000346413388,1,0,1.4183832205736528e-06
214,166808,-1.2771943635334324,0.3753719484921191,0.5010014930629615,0.9180007987071054,2.6079507530685806,1,0,4.591189982977481e-08
215,166808,-0.36663477525704846,0.2194448624997179,0.27910750503511594,0.5608796233572955,2.2863135262935397,3,0,2.572167493924291e-06
216,166808,-0.07049908946374728,0.39259945295751075,0.48149227255303484,0.910080310125859,3.5883614510539217,1,0,2.759366928191605e-07
217,166808,-0.5691733399629658,0.2673939347076083,0.34028282270982396,0.7354514758458605,2.8129575651484404,3,0,3.401362886374351e-07
218,166808,-0.015135087871553604,0.24283520647494689,0.2950631838383193,0.5769529958603028,2.5445570316233304,1,0,2.759366928191605e-07
219,166808,-0.22145914709366615,0.1668885760057255,0.20597206749970773,0.423672483573399,1.5267664640302931,5,0,1.188192808211301e-06
220,166808,0.12030698044213599,0.41174164944215164,0.4698902655557961,0.7446712553043454,2.093831584761074,0,0,0.0
221,166808,0.0527742585552316,0.434397981659354,0.5585101814694932,0.8888510273513872,2.5842804462466686,0,0,0.0
222,166808,-0.049281674372183094,0.3637195765106778,0.4434337321732483,0.7348665078535078,2.5104433846000167,2,0,3.3559054468929706e-07
223,166808,0.024445932212028478,0.3959090406758179,0.4916002403014695,0.8591853757542556,2.4720135099713887,0,0,0.0
224,166808,-0.049413985733848115,0.4279164485577126,0.5566420434096632,1.0709393063678365,2.9175282853743787,1,0,3.956616490756149e-06
225,166808,-0.28836328144342194,0.4848268661959437,0.5859208193019995,1.060818269010222,2.4472933673899964,2,0,2.9831750313105726e-07
226,166808,-0.051771071668531864,0.382800800222641,0.46647596091440835,0.7773928106928858,2.1410619124548393,1,0,2.236576949234994e-06
227,166808,-0.14433458311415545,0.362013621530257,0.4852785341420825,0.9748766581585995,2.5958608644760526,2,0,2.2550960076255913e-06
228,166808,-0.22244834628597412,0.3962135782716241,0.44823659626092033,0.7741178184504944,2.242608431560398,1,0,4.591189982977481e-08
229,166808,-0.18749553699839588,0.5641837211305578,0.6412826991435391,1.033994801069014,3.4628984283312643,2,0,2.0697901636420794e-06
230,166808,-0.7340366396726827,0.43457211590985084,0.5353359351218402,0.864909307330055,2.278943637834009,2,0,4.1970212372001644e-07
231,166808,0.07718823525572813,0.31730964900456665,0.4087338935133023,0.7910438823133893,2.142506140986414,0,0,0.0
232,166808,-0.4574272202913517,0.3297495053804091,0.3951229112743988,0.6407294386189134,2.141387486087576,2,0,5.642026788276337e-07
233,166808,-0.4975285007832832,0.3209436969002819,0.4020341873397556,0.6766006309574373,1.9873686283446221,4,0,6.061893777683301e-07
234,166808,0.09728239272005959,0.3756704141821937,0.4874549130203193,0.8515200205502231,2.653373750036249,0,0,0.0
235,166808,-0.23795957985612254,0.45374034828720833,0.5445461717473546,0.9003074250487939,2.6748166620398375,1,0,4.591189982977481e-08
236,166808,-0.4942989207797083,0.34155452439784373,0.41271450471372656,0.6978540500413899,2.00650533024002,2,0,2.2824888490647686e-06
237,166808,0.13335675648467213,0.33947341128550285,0.4547500686306818,0.7923537006939718,2.6187103429449787,0,0,0.0
238,166808,-0.36235490185837044,0.5285871918290223,0.6600734053016105,1.0663938603944136,3.570505180226364,1,0,4.591189982977481e-08
239,166808,-2.026211935690352,0.3892935122177036,0.5432040583339991,1.0707149178918733,3.2780087970068945,3,0,2.40011213822824e-06
240,166808,-0.16575563638804905,0.41439302763926655,0.4980999835284071,0.8360783755085146,4.260257626262977,2,0,8.104191299209456e-07
241,166808,-0.3651517496681154,0.32886712859485817,0.39226172999319636,0.6406056975542674,2.1515241309973767,1,0,2.6217159578238897e-07
242,166808,0.05225219618019113,0.3307471274166413,0.41521429731853476,0.6877485351642014,3.309274725637019,0,0,0.0
243,166808,-0.7840140175825062,0.36265727685613147,0.4433379451068144,0.8861460993080402,3.2603066739993167,2,0,2.2824888490647686e-06
244,166808,0.16105628164895944,0.399097752482735,0.48387686946314584,0.9434269229646138,3.418665001759891,0,0,0.0
245,166808,-0.5023622940914005,0.3139203664955748,0.42063618146239395,0.7550662633566902,2.3209613897836676,3,0,4.008796129102736e-06
246,166808,-0.35482612667800156,0.5346712254658128,0.5983104248056189,0.905473556417917,2.6811674403715946,1,0,4.591189982977481e-08
247,166808,-0.35741103477660874,0.4203001371368131,0.5065039961453301,0.977191075607431,2.573405120073332,1,0,1.4376543090085595e-07
248,166808,-0.5686563829937735,0.26161975165486684,0.3289095623326462,0.6857184382417512,2.0459556782025077,1,0,3.18654181677078e-07
249,166808,0.05801509074216152,0.4520751322382333,0.5534805129426904,0.9021480969769029,2.094041375102159,0,0,0.0
250,166808,-0.32784922395895055,0.3175925198622258,0.3880232932868844,0.7891079833783339,2.902190533752399,3,0,6.54490102228385e-07
251,166808,0.17431449150060896,0.4092086637386108,0.48598721819672724,0.9070299241698432,3.389674594220934,0,0,0.0
252,166808,0.007398281300472561,0.4503959486113439,0.5354516017071848,0.844940635188298,2.9138403232791332,0,0,0.0
253,166808,-1.3685146365050143,0.45884441702992673,0.5366081668290861,0.8195615717215501,2.9330561828696524,1,0,4.591189982977481e-08
254,166808,-0.30016737247869674,0.285021193942732,0.3440349579335225,0.7307880976042833,2.226921304410897,2,0,1.6547483555853518e-06
255,166808,-0.31360689262017755,0.48265561005870133,0.6134145989441149,1.0013940906596348,3.3955592440603315,3,0,3.1174304776938436e-06
256,166808,-1.0041824789003964,0.584393762406172,0.7070638840440014,1.1458934449802514,3.60785688165217,1,0,4.591189982977481e-08
257,166808,-0.3523625306742992,0.40303571505958463,0.523614479134431,0.8756449487109824,3.1139956166810134,2,0,6.017333002834111e-07
258,166808,-0.20077406917575794,0.35860281567695473,0.6561946735344635,1.0672249216267136,4.8011164123152925,7,0,4.932264377936609e-06
259,166808,-0.7971611415446893,0.37109988865261334,0.4589800525364345,0.7595142489733353,4.543114036119958,2,0,2.8191213765195407e-06
260,166808,-0.006756730474615116,0.46045726909036533,0.6180964750246519,1.0802952742938214,3.3576427460398994,1,0,1.0450808007931517e-06
261,166808,-1.6689795398855434,0.3581861501772813,0.4278288997446321,0.7646643202120531,3.123180044049205,2,0,4.19495578336813e-07
262,166808,0.04946060595020709,0.49810106467791754,0.5743320470402109,0.8353630498743361,2.8342331351089447,0,0,0.0
263,166808,0.0005696038633426472,0.5043528958075747,0.590866821433753,0.9095410997998572,2.7577499163029917,0,0,0.0
264,166808,-0.5457793408409184,0.5712765095938775,0.6768474308523186,1.0287497838833508,4.142740656427079,2,0,3.0863361461506494e-07
265,166808,-0.26978721271522915,0.34037771054927013,0.4325828882357962,0.7585780271910005,3.0880701938437283,3,0,3.994855853610841e-06
266,166808,-1.663903788566833,0.45454677363821994,0.5643352950312751,0.9044629975827911,3.0773298335696566,1,0,4.591189982977481e-08
267,166808,-0.13917536543262918,0.37611998885968995,0.4811469430440934,0.8359544786127564,2.1721650021298786,1,0,2.5207977468843566e-07
268,166808,0.04227555374576009,0.33006793179561544,0.4364318811751537,0.7817206450979465,2.835677891105121,0,0,0.0
269,166808,-0.05726542253431946,0.47457154136957913,0.5733244700416633,0.8775473021437084,2.122752592538958,1,0,2.896786448595222e-07
270,166808,-0.3217088668525459,0.46483103839698914,0.6590336555523679,1.1153899750198413,3.0367148030523397,2,0,2.36640121659424e-06
271,166808,-0.8583869244532522,0.5977505599201145,0.7079586361194263,1.076141121359298,3.6620444039894413,1,0,4.591189982977481e-08
272,166808,-0.5800989001613427,0.4314902081678788,0.5257508106674273,0.9444464281579422,2.923940975447652,1,0,4.591189982977481e-08
273,166808,-0.1208838659227074,0.37764264161956373,0.4952896480931161,0.7782793772503125,2.004244306731381,1,0,3.385591104568671e-07
274,166808,-0.9647997118660997,0.7385601181840545,0.9015638698155769,1.3950627060789635,4.178390903869631,2,0,4.28363954065652e-07
275,166808,-0.628528053049808,0.3554123387040885,0.42144968087864404,0.6578485099784863,1.7190943206773655,3,0,6.405027743260134e-07
276,166808,0.043724001581718686,0.38477806863844954,0.5045384085299353,0.9480162670840706,3.48600469034525,0,0,0.0
277,166808,-0.019210472471043134,0.4349866732272324,0.5212675903919658,0.8230689406214624,1.9762694283624862,1,0,3.385591104568671e-07
