load_case,metric,identity_r2,rmse,mae,shape_over_full_pct,material_over_full_pct,p95_absolute_error,maximum_absolute_error,mean_bias
SP2leg,rot_mag_deg,0.9793846678294569,0.031786237464444055,0.021586301170600047,103.89449033667285,0.8234900618583829,0.05797982577167314,0.2371889312849793,0.01014312517716984
SP2leg,trans_mag_mm,0.9848660603545986,0.027967554521703887,0.01975871888431569,100.36849838033328,0.9836213997115638,0.048608876757267855,0.21948471530710323,0.007070700915532715
SP2leg,ap_trans_abs_mm,0.9926285041627817,0.014214389971915318,0.008223818248582164,99.93553376228222,0.23317675751804456,0.021121531220810553,0.1558352212792235,0.004345298344452509
SP2leg,ml_trans_abs_mm,0.995563260569111,0.00695787970069545,0.0041158607281625795,104.65711332657321,0.42613779777157873,0.013684442792346669,0.0387862478956703,0.0007808788303963758
SP2leg,cc_trans_abs_mm,0.9860880994454538,0.025412412759733792,0.018699229569220124,99.84563937265492,1.0688214445720268,0.045242951358052966,0.16744164489863,0.005823385884626859
SP1leg,rot_mag_deg,0.9973931182943198,0.02229474241175758,0.014950228716108682,101.76645875522088,0.11095656279968955,0.03960910009480364,0.14464552538573727,0.008518983876546926
SP1leg,trans_mag_mm,0.9974661237874237,0.018468407537725752,0.012822825261613956,100.29034758822719,0.15235370114147762,0.032788268139832405,0.11571456924666657,0.005482437670000128
SP1leg,ap_trans_abs_mm,0.9876851911310863,0.013528219321217248,0.00840117601682477,100.43384446020521,1.0465421292068564,0.024201028035062105,0.12442757761925738,0.0013658465034090325
SP1leg,ml_trans_abs_mm,0.9984145199554318,0.006036373747289734,0.003881936248694229,101.12920783578687,0.013797148021155342,0.01179304208703468,0.033668417588187394,0.0006285293527868966
SP1leg,cc_trans_abs_mm,0.9972227323859415,0.019348762596980616,0.014062231446711683,100.43458049148512,0.24369542950685846,0.036106330228471255,0.1243472378365289,0.004733906607307329
LAB_phase1,rot_mag_deg,0.8776583974882335,0.020005355883554465,0.01487935596849109,120.61147205367186,5.7886823078595455,0.04282513947555037,0.06504037902146159,0.004158428391838047
LAB_phase1,trans_mag_mm,0.9457072742535537,0.011095946532985207,0.008005174174964859,107.42610527525774,2.113435284982086,0.023448906867118657,0.0451627553873505,0.0026594159658999026
LAB_phase1,ap_trans_abs_mm,0.979517046432731,0.003952512129363072,0.0024929935811369036,100.67579081589092,2.7044921033341938,0.00956873518672574,0.015854523955191102,-0.00019477608768952631
LAB_phase1,ml_trans_abs_mm,0.9471739545139699,0.0051542742195013706,0.0035005873568474846,109.31109376257098,1.405440926125742,0.011170202014422589,0.025789634533247396,0.0013300503285479848
LAB_phase1,cc_trans_abs_mm,0.9102475688603693,0.013373415368011714,0.009862720130964295,107.81336133404952,5.73713969798653,0.027354872110542324,0.0640798953963999,0.0027931601701590065
LAB_phase2,rot_mag_deg,0.9835269359003265,0.014725138464955063,0.009263470096048965,102.9657503096685,0.1453645435312351,0.03148568769210922,0.11583138243114754,0.007215982482045451
LAB_phase2,trans_mag_mm,0.9841990888816977,0.011256143176047893,0.006973101611454796,100.15612301381618,0.1259139895949599,0.022917876888759105,0.0860928835232524,0.00298360824637039
LAB_phase2,ap_trans_abs_mm,0.9965964701430721,0.006612964219635311,0.004829058321339069,101.20729214053091,0.08862402566431658,0.014449750403107461,0.02450138538065072,0.00022837516268433652
LAB_phase2,ml_trans_abs_mm,0.954680856697339,0.007010417515484646,0.00457269678475424,96.43285378919596,1.0976949609936788,0.014809852338788437,0.04513248831001021,0.0026591364149310247
LAB_phase2,cc_trans_abs_mm,0.9509629831287383,0.01294232798644131,0.007927055352941404,104.39185352829502,0.5676487477029688,0.02659970421419008,0.0916987805452692,0.00274759770016442
LAB_phase3,rot_mag_deg,0.9973084543354553,0.012785712354848565,0.007696202994995758,102.19763471809296,0.03019127253512928,0.025373643115836633,0.07673271226179024,0.006024251308034183
LAB_phase3,trans_mag_mm,0.9987182071114633,0.006356566778286928,0.004365198054713355,99.43812774684767,0.05136110444830217,0.012359155001734814,0.042305880058812306,0.001144359101917703
LAB_phase3,ap_trans_abs_mm,0.9984126172738939,0.007006721839328842,0.004723271087400199,100.15442780628955,0.06579362230995392,0.013309928619077501,0.04597344868631609,0.0020766680016657563
LAB_phase3,ml_trans_abs_mm,0.9984612985713519,0.0020430784854355544,0.0012856635891163501,98.32056236956211,0.03092597335379277,0.0042147399081324975,0.017262211108643344,0.0005402719463992013
LAB_phase3,cc_trans_abs_mm,0.9965770527127322,0.005871178251461177,0.004093012973037448,98.96741617879309,0.07994044228167706,0.013488107173202445,0.02289700088555824,-0.0006334860191058267
