subject_idx,cell_index,J,reference_volume_mm3,x,y,z
0,1721,-0.2791141170534231,2.8574189315682443,38.91508905,-37.887791675,-1359.764705
1,123667,-0.2408080607473981,0.2565031799853494,-80.3404255,-96.95025059999999,-1240.820035
1,162297,-0.29249727513619195,0.12663162282974064,33.103849749999995,-174.0516415,-1406.0873375
2,31071,-0.09321337769959158,0.3475645588089408,-20.419799825,-68.77630044999998,-1324.4599924999998
3,164540,-0.1140924446365882,0.017229254727635906,29.699479175,-163.01592475,-1406.0974
4,20681,-0.07853453702630306,1.2852364083035384,62.97347835,-61.211247875000005,-1293.9482974999999
4,63942,-0.14935950265235318,0.042714256875960754,88.3295498,-91.197799675,-1277.6300075
5,1973,-0.011623693784729775,0.34846547657373056,23.2027998,-33.9673996,-1364.5125125
5,42532,-0.4658661926027268,0.26950328986354494,-3.0144349950000002,-74.85019875,-1271.1174925
5,63942,-0.0981969751681097,0.042714256875960754,88.3295498,-91.197799675,-1277.6300075
5,163299,-0.0632228911948082,0.35581527551547326,32.3400433,-170.04397425,-1409.8973925
6,63820,-0.38748140226305733,0.2439120343385807,49.62892434999999,-91.69679832499999,-1256.8749699999998
6,63942,-0.0009046942569272908,0.042714256875960754,88.3295498,-91.197799675,-1277.6300075
7,164540,-0.1460235759673544,0.017229254727635906,29.699479175,-163.01592475,-1406.0974
9,31482,-0.32516805315328057,0.3621955290077133,-4.0077999225,-71.44187737499999,-1279.7374875
9,35684,-0.28434387943119477,0.2964607568238053,-21.3861246,-76.72812465,-1322.524965
9,42532,-0.12312417113948206,0.26950328986354494,-3.0144349950000002,-74.85019875,-1271.1174925
10,63820,-0.35764749350332176,0.2439120343385807,49.62892434999999,-91.69679832499999,-1256.8749699999998
10,63942,-0.3545892920803704,0.042714256875960754,88.3295498,-91.197799675,-1277.6300075
11,63942,-0.32589571553057717,0.042714256875960754,88.3295498,-91.197799675,-1277.6300075
11,164343,-0.023945517633026728,0.2784481610612162,25.228374950000003,-168.22674575000002,-1415.2674575
12,63942,-1.1926845714540888,0.042714256875960754,88.3295498,-91.197799675,-1277.6300075
13,1506,-0.19094957674037172,0.31497935971651825,42.406275725,-37.24407480000001,-1366.6725125
13,13920,-0.023330674485527846,1.4330963958121528,-13.637528025,-52.017371149999995,-1322.29626
13,93294,-0.035998505982896375,1.4519896545360174,-40.6609284,-121.90342625000001,-1363.04304
14,47160,-0.17821449031527226,0.23485085269073172,67.91552352500003,-52.492324825000004,-1287.4574875
15,42532,-0.20667611939894504,0.26950328986354494,-3.0144349950000002,-74.85019875,-1271.1174925
15,54862,-0.029551993356777245,0.5434361016984689,-24.709125049999997,-95.50522615,-1319.327485
15,149479,-0.06553353990560513,0.4245145922239408,-105.26099975,-171.30575175,-1293.357485
16,66892,-0.0390889228543713,0.13375254712068982,-33.367875100000006,-94.24347495,-1276.074985
17,66304,-0.01198155305125874,0.23452308201572766,-23.692450025,-48.396149625,-1267.0975025
19,63942,-0.11980341351641925,0.042714256875960754,88.3295498,-91.197799675,-1277.6300075
20,17473,-0.008984036534212123,1.79385137666024,12.26362705,-78.68858510000001,-1295.9410075
20,31071,-0.595863514874764,0.3475645588089408,-20.419799825,-68.77630044999998,-1324.4599924999998
20,35684,-0.9764863713359443,0.2964607568238053,-21.3861246,-76.72812465,-1322.524965
20,63942,-0.5716159786088468,0.042714256875960754,88.3295498,-91.197799675,-1277.6300075
21,17473,-0.04460654892867397,1.79385137666024,12.26362705,-78.68858510000001,-1295.9410075
21,163299,-0.027317272969660144,0.35581527551547326,32.3400433,-170.04397425,-1409.8973925
22,63820,-0.7473447215482795,0.2439120343385807,49.62892434999999,-91.69679832499999,-1256.8749699999998
23,1121,-0.13753107887108398,2.1789728440878595,38.846065425000006,-40.972883,-1366.5316850000002
23,63942,-1.0877705506620707,0.042714256875960754,88.3295498,-91.197799675,-1277.6300075
23,125994,-0.0026494904423138873,0.256718428605234,-37.2897253,-123.82399925000001,-1388.119995
23,164540,-0.22515555902158182,0.017229254727635906,29.699479175,-163.01592475,-1406.0974
24,66892,-0.17727127262440057,0.13375254712068982,-33.367875100000006,-94.24347495,-1276.074985
24,123667,-0.06865276939014012,0.2565031799853494,-80.3404255,-96.95025059999999,-1240.820035
25,165,-0.14736025400242814,0.28869645323240656,30.8230252,-59.71565055,-1389.132505
25,1654,-0.016624773700640322,1.1748656877889394,18.111856449999998,-41.683118775000004,-1369.977195
25,63942,-0.00165857502379008,0.042714256875960754,88.3295498,-91.197799675,-1277.6300075
25,124653,-0.08753044412495625,3.1428124053887565,-34.069148375000005,-120.911837,-1390.0197125000002
25,125994,-0.2982462805048741,0.256718428605234,-37.2897253,-123.82399925000001,-1388.119995
26,63942,-0.16066382072981075,0.042714256875960754,88.3295498,-91.197799675,-1277.6300075
27,63820,-0.011013575450475117,0.2439120343385807,49.62892434999999,-91.69679832499999,-1256.8749699999998
27,63942,-1.296507691723108,0.042714256875960754,88.3295498,-91.197799675,-1277.6300075
28,63942,-1.4159132756324189,0.042714256875960754,88.3295498,-91.197799675,-1277.6300075
28,66892,-0.17085632421410463,0.13375254712068982,-33.367875100000006,-94.24347495,-1276.074985
29,63942,-0.7751931135707814,0.042714256875960754,88.3295498,-91.197799675,-1277.6300075
31,163299,-0.11974572427855204,0.35581527551547326,32.3400433,-170.04397425,-1409.8973925
33,63820,-0.03249201540370417,0.2439120343385807,49.62892434999999,-91.69679832499999,-1256.8749699999998
35,9471,-0.22093288794980157,1.836801413495693,13.2309863,-46.18359355,-1318.6668375
36,63942,-0.5599140067997609,0.042714256875960754,88.3295498,-91.197799675,-1277.6300075
36,125994,-0.12878490677312723,0.256718428605234,-37.2897253,-123.82399925000001,-1388.119995
36,164540,-0.27508138668784227,0.017229254727635906,29.699479175,-163.01592475,-1406.0974
39,63942,-1.2288724029664775,0.042714256875960754,88.3295498,-91.197799675,-1277.6300075
40,63942,-0.2704440407924947,0.042714256875960754,88.3295498,-91.197799675,-1277.6300075
40,164540,-0.17495818146910153,0.017229254727635906,29.699479175,-163.01592475,-1406.0974
41,1222,-0.07978743072994517,0.23482621752347788,20.778349400000003,-42.975649825000005,-1378.4625225
41,63820,-0.5012435956415725,0.2439120343385807,49.62892434999999,-91.69679832499999,-1256.8749699999998
41,63942,-0.9180287522871475,0.042714256875960754,88.3295498,-91.197799675,-1277.6300075
42,63942,-0.037402866642093746,0.042714256875960754,88.3295498,-91.197799675,-1277.6300075
43,63942,-2.1129859097933137,0.042714256875960754,88.3295498,-91.197799675,-1277.6300075
43,125994,-0.06053719058615564,0.256718428605234,-37.2897253,-123.82399925000001,-1388.119995
44,60566,-0.09167745109417856,0.2733929704096506,-26.364099975000002,-101.84075175,-1315.0450125
44,63869,-0.08157718907402246,0.2964629279800975,78.515398025,-92.51902580000001,-1258.2900075
44,63942,-0.3334416456775431,0.042714256875960754,88.3295498,-91.197799675,-1277.6300075
44,66892,-0.3336383854432923,0.13375254712068982,-33.367875100000006,-94.24347495,-1276.074985
44,162297,-0.22892820114934456,0.12663162282974064,33.103849749999995,-174.0516415,-1406.0873375
45,63942,-0.128122329768702,0.042714256875960754,88.3295498,-91.197799675,-1277.6300075
46,20681,-0.058375142247409605,1.2852364083035384,62.97347835,-61.211247875000005,-1293.9482974999999
46,63942,-1.585448180142191,0.042714256875960754,88.3295498,-91.197799675,-1277.6300075
48,63942,-0.5845630962230892,0.042714256875960754,88.3295498,-91.197799675,-1277.6300075
48,66892,-0.0617924504094469,0.13375254712068982,-33.367875100000006,-94.24347495,-1276.074985
49,763,-0.26454197603497315,2.2805075763376803,26.628705000000004,-41.442065674999995,-1378.668605
49,163299,-0.08888340510424686,0.35581527551547326,32.3400433,-170.04397425,-1409.8973925
50,63942,-0.11652434833811831,0.042714256875960754,88.3295498,-91.197799675,-1277.6300075
52,63942,-2.2009924816794095,0.042714256875960754,88.3295498,-91.197799675,-1277.6300075
52,125994,-0.11900098856215051,0.256718428605234,-37.2897253,-123.82399925000001,-1388.119995
53,42532,-0.0969444454188602,0.26950328986354494,-3.0144349950000002,-74.85019875,-1271.1174925
53,63942,-1.491080513449292,0.042714256875960754,88.3295498,-91.197799675,-1277.6300075
54,63942,-1.4726101145541286,0.042714256875960754,88.3295498,-91.197799675,-1277.6300075
55,124653,-0.051700157042481217,3.1428124053887565,-34.069148375000005,-120.911837,-1390.0197125000002
55,125994,-0.32202413968719773,0.256718428605234,-37.2897253,-123.82399925000001,-1388.119995
56,2122,-0.1623374522811674,0.2621101987616462,40.671298975,-34.439700125,-1359.47
56,63942,-0.5683339923621307,0.042714256875960754,88.3295498,-91.197799675,-1277.6300075
57,63942,-0.4365841038261536,0.042714256875960754,88.3295498,-91.197799675,-1277.6300075
58,7926,-0.07960775063351583,3.0457563714668248,13.695724775,-53.277851999999996,-1320.6042125000001
58,42532,-0.21811881664202928,0.26950328986354494,-3.0144349950000002,-74.85019875,-1271.1174925
58,66892,-0.035817830721609246,0.13375254712068982,-33.367875100000006,-94.24347495,-1276.074985
58,164540,-0.6542586288386598,0.017229254727635906,29.699479175,-163.01592475,-1406.0974
59,63942,-2.0528511803120626,0.042714256875960754,88.3295498,-91.197799675,-1277.6300075
59,146917,-0.19827256240275923,0.31877946250163,-101.48075100000001,-174.908001,-1300.3250125
60,31071,-0.06752362359944773,0.3475645588089408,-20.419799825,-68.77630044999998,-1324.4599924999998
60,47160,-0.27145609570679413,0.23485085269073172,67.91552352500003,-52.492324825000004,-1287.4574875
61,129613,-0.10573261184614954,0.29032087019999897,-49.0653,-101.28174974999999,-1400.7324800000001
61,164343,-0.15418907465160098,0.2784481610612162,25.228374950000003,-168.22674575000002,-1415.2674575
61,164540,-0.8383326820161427,0.017229254727635906,29.699479175,-163.01592475,-1406.0974
62,63942,-0.1011832478376086,0.042714256875960754,88.3295498,-91.197799675,-1277.6300075
63,148830,-0.09873507638035482,1.7428547837375612,156.96869625,-176.892902,-1289.99683
63,149457,-0.04548929743716877,0.3204750894165244,-107.66025175,-167.35625449999998,-1288.6175225
64,63942,-0.5832191216495998,0.042714256875960754,88.3295498,-91.197799675,-1277.6300075
64,66304,-0.20606985744034576,0.23452308201572766,-23.692450025,-48.396149625,-1267.0975025
65,29229,-0.17025899016412752,0.44442391919156893,78.8586731,-76.351648325,-1319.25748
65,31292,-0.20123035022109823,0.6564903316452277,79.27005005,-78.49852369999999,-1318.8800075
66,4230,-0.07328189747315994,2.5543584280567937,17.953813425,-37.26159667499999,-1337.74793
66,63942,-0.55032205080927,0.042714256875960754,88.3295498,-91.197799675,-1277.6300075
67,63942,-0.6088498307451445,0.042714256875960754,88.3295498,-91.197799675,-1277.6300075
67,125994,-0.010179099314479285,0.256718428605234,-37.2897253,-123.82399925000001,-1388.119995
67,162296,-0.10206546200414726,0.18410776709535123,34.350522525,-176.075803,-1407.2475650000001
68,63820,-0.40427868931578914,0.2439120343385807,49.62892434999999,-91.69679832499999,-1256.8749699999998
68,63942,-0.5625615800361822,0.042714256875960754,88.3295498,-91.197799675,-1277.6300075
69,42532,-0.25685288303957793,0.26950328986354494,-3.0144349950000002,-74.85019875,-1271.1174925
69,63942,-1.2495556925109756,0.042714256875960754,88.3295498,-91.197799675,-1277.6300075
70,63942,-0.2952237070635391,0.042714256875960754,88.3295498,-91.197799675,-1277.6300075
72,1506,-0.0668893867191757,0.31497935971651825,42.406275725,-37.24407480000001,-1366.6725125
72,66892,-0.3456621030350395,0.13375254712068982,-33.367875100000006,-94.24347495,-1276.074985
75,1506,-0.6991988811974928,0.31497935971651825,42.406275725,-37.24407480000001,-1366.6725125
75,27335,-0.05436499430278257,0.4699640325962089,79.1665497,-72.33405112500002,-1321.109985
75,31071,-0.08299071967823919,0.3475645588089408,-20.419799825,-68.77630044999998,-1324.4599924999998
75,63942,-0.727547906368302,0.042714256875960754,88.3295498,-91.197799675,-1277.6300075
77,63942,-1.4198835987975484,0.042714256875960754,88.3295498,-91.197799675,-1277.6300075
77,66892,-0.7432539897773404,0.13375254712068982,-33.367875100000006,-94.24347495,-1276.074985
77,125994,-0.19614635253332924,0.256718428605234,-37.2897253,-123.82399925000001,-1388.119995
78,16620,-0.23873066893948233,0.23892320857877328,-15.5444503,-54.2836504,-1311.560025
78,63942,-0.29893790913784013,0.042714256875960754,88.3295498,-91.197799675,-1277.6300075
78,164540,-0.49120138256969526,0.017229254727635906,29.699479175,-163.01592475,-1406.0974
79,52873,-0.08625263869544578,0.5088369628028725,45.949150075,-117.12074849999999,-1278.8425
79,63820,-0.19730671055852889,0.2439120343385807,49.62892434999999,-91.69679832499999,-1256.8749699999998
79,164540,-2.5834614972664,0.017229254727635906,29.699479175,-163.01592475,-1406.0974
80,63942,-0.3349191024302213,0.042714256875960754,88.3295498,-91.197799675,-1277.6300075
82,13920,-0.013353906229188778,1.4330963958121528,-13.637528025,-52.017371149999995,-1322.29626
82,41031,-0.04780300458740918,0.27836655744644173,7.3223176025,-76.143424975,-1273.44751
83,164540,-0.9984489282938647,0.017229254727635906,29.699479175,-163.01592475,-1406.0974
84,164540,-0.2316936834297201,0.017229254727635906,29.699479175,-163.01592475,-1406.0974
85,1506,-0.04558246313899816,0.31497935971651825,42.406275725,-37.24407480000001,-1366.6725125
85,63942,-0.7800189675046023,0.042714256875960754,88.3295498,-91.197799675,-1277.6300075
87,125994,-0.10223192755024427,0.256718428605234,-37.2897253,-123.82399925000001,-1388.119995
88,63942,-0.6682491327060099,0.042714256875960754,88.3295498,-91.197799675,-1277.6300075
89,125994,-0.22886585417505984,0.256718428605234,-37.2897253,-123.82399925000001,-1388.119995
90,60566,-0.07649003017360911,0.2733929704096506,-26.364099975000002,-101.84075175,-1315.0450125
90,63942,-0.7869986105989871,0.042714256875960754,88.3295498,-91.197799675,-1277.6300075
90,164343,-0.0347685450758243,0.2784481610612162,25.228374950000003,-168.22674575000002,-1415.2674575
90,164540,-0.3807601622049747,0.017229254727635906,29.699479175,-163.01592475,-1406.0974
91,22847,-0.03236138392116788,2.0205018123562124,51.652235525,-67.82407115,-1287.8775674999997
91,63942,-1.0516733965139917,0.042714256875960754,88.3295498,-91.197799675,-1277.6300075
92,1506,-0.1527797973850624,0.31497935971651825,42.406275725,-37.24407480000001,-1366.6725125
92,66892,-0.8836176534210984,0.13375254712068982,-33.367875100000006,-94.24347495,-1276.074985
94,63942,-0.20335083465355083,0.042714256875960754,88.3295498,-91.197799675,-1277.6300075
95,63942,-0.2524653570353558,0.042714256875960754,88.3295498,-91.197799675,-1277.6300075
95,164540,-0.8250440496857301,0.017229254727635906,29.699479175,-163.01592475,-1406.0974
96,63942,-0.19259900054630813,0.042714256875960754,88.3295498,-91.197799675,-1277.6300075
96,164540,-0.09533716071374274,0.017229254727635906,29.699479175,-163.01592475,-1406.0974
97,19772,-0.00545311674159989,3.0902702788281182,40.1579057,-74.444211725,-1287.53492
97,164540,-0.24783413789591946,0.017229254727635906,29.699479175,-163.01592475,-1406.0974
100,31071,-0.3465675803334541,0.3475645588089408,-20.419799825,-68.77630044999998,-1324.4599924999998
100,63942,-0.08558632947903883,0.042714256875960754,88.3295498,-91.197799675,-1277.6300075
100,161319,-0.7893380729203113,0.35343497605110213,32.4429493,-169.12725075000003,-1395.8824775
101,124653,-0.0041565896434363255,3.1428124053887565,-34.069148375000005,-120.911837,-1390.0197125000002
101,125994,-0.09451462497837296,0.256718428605234,-37.2897253,-123.82399925000001,-1388.119995
101,129613,-0.46822355100014706,0.29032087019999897,-49.0653,-101.28174974999999,-1400.7324800000001
101,163299,-0.1737451205046892,0.35581527551547326,32.3400433,-170.04397425,-1409.8973925
103,63942,-1.2727230420833688,0.042714256875960754,88.3295498,-91.197799675,-1277.6300075
104,17806,-0.31535915127170455,0.4174841791619554,-17.123300075,-59.00992585,-1326.2850050000002
104,63820,-0.01118973671857144,0.2439120343385807,49.62892434999999,-91.69679832499999,-1256.8749699999998
104,63942,-0.4483563771181306,0.042714256875960754,88.3295498,-91.197799675,-1277.6300075
104,125994,-0.15175340529149675,0.256718428605234,-37.2897253,-123.82399925000001,-1388.119995
104,137754,-0.06485318083714485,1.361121834613454,89.0584328,-136.86749225,-1388.0307
105,63820,-0.044848625035403544,0.2439120343385807,49.62892434999999,-91.69679832499999,-1256.8749699999998
105,63942,-0.11393203124972219,0.042714256875960754,88.3295498,-91.197799675,-1277.6300075
106,13597,-0.11087268468504577,1.944869173126737,72.055615425,-52.376046725,-1322.9870225000002
106,63942,-0.0913319183767916,0.042714256875960754,88.3295498,-91.197799675,-1277.6300075
106,163299,-0.04724259622147029,0.35581527551547326,32.3400433,-170.04397425,-1409.8973925
107,31889,-0.0012681552621424377,2.733329518446256,50.88055025,-92.6653641,-1285.483095
107,63942,-0.5340554375859672,0.042714256875960754,88.3295498,-91.197799675,-1277.6300075
108,63820,-0.08333558315339291,0.2439120343385807,49.62892434999999,-91.69679832499999,-1256.8749699999998
108,63942,-0.2941128142859904,0.042714256875960754,88.3295498,-91.197799675,-1277.6300075
109,15304,-0.03969409812204742,1.8423971466719804,24.530794575,-49.18476435000001,-1296.58987
110,42532,-0.024629348354470382,0.26950328986354494,-3.0144349950000002,-74.85019875,-1271.1174925
110,63820,-0.061738292237629354,0.2439120343385807,49.62892434999999,-91.69679832499999,-1256.8749699999998
110,63942,-0.027543663330973356,0.042714256875960754,88.3295498,-91.197799675,-1277.6300075
110,142737,-0.06147496000142636,3.271419045408124,148.95754375,-176.18589999999998,-1295.5716400000001
111,1506,-0.9049534370896067,0.31497935971651825,42.406275725,-37.24407480000001,-1366.6725125
111,63942,-1.9601978380304363,0.042714256875960754,88.3295498,-91.197799675,-1277.6300075
112,125994,-0.07423828953435439,0.256718428605234,-37.2897253,-123.82399925000001,-1388.119995
113,63942,-0.17655363826864912,0.042714256875960754,88.3295498,-91.197799675,-1277.6300075
114,63942,-0.28455746269848686,0.042714256875960754,88.3295498,-91.197799675,-1277.6300075
115,63820,-0.5413165325494822,0.2439120343385807,49.62892434999999,-91.69679832499999,-1256.8749699999998
115,63942,-2.0010212165048036,0.042714256875960754,88.3295498,-91.197799675,-1277.6300075
115,161319,-0.21409761001010558,0.35343497605110213,32.4429493,-169.12725075000003,-1395.8824775
115,165558,-0.07527647267464399,0.24068824523814072,47.569424624999996,-145.374996,-1423.26001
116,1973,-0.1353504416224904,0.34846547657373056,23.2027998,-33.9673996,-1364.5125125
117,1506,-0.44272181112865105,0.31497935971651825,42.406275725,-37.24407480000001,-1366.6725125
117,3135,-0.008599699681721884,0.5459949552009028,22.33482505,-30.435899725,-1352.64752
117,12639,-0.4394559329274908,0.3016427830843058,51.705974600000005,-58.449199675,-1320.9700025
117,93294,-0.005732977436078952,1.4519896545360174,-40.6609284,-121.90342625000001,-1363.04304
117,125994,-0.31344537344725826,0.256718428605234,-37.2897253,-123.82399925000001,-1388.119995
118,63942,-1.6742061076300625,0.042714256875960754,88.3295498,-91.197799675,-1277.6300075
120,63942,-1.2669795379054742,0.042714256875960754,88.3295498,-91.197799675,-1277.6300075
121,63942,-0.07122647737539842,0.042714256875960754,88.3295498,-91.197799675,-1277.6300075
122,63942,-0.29467121004623165,0.042714256875960754,88.3295498,-91.197799675,-1277.6300075
123,63942,-1.5996959106493547,0.042714256875960754,88.3295498,-91.197799675,-1277.6300075
124,63820,-0.7029201493524687,0.2439120343385807,49.62892434999999,-91.69679832499999,-1256.8749699999998
124,157818,-0.00952417470235284,0.27431715626354997,82.13687515000001,-115.19099974999999,-1440.860015
125,63942,-1.6241458800481503,0.042714256875960754,88.3295498,-91.197799675,-1277.6300075
126,63942,-1.0646623460747,0.042714256875960754,88.3295498,-91.197799675,-1277.6300075
126,164540,-0.4288311683570181,0.017229254727635906,29.699479175,-163.01592475,-1406.0974
127,63942,-0.23098033264734455,0.042714256875960754,88.3295498,-91.197799675,-1277.6300075
127,66304,-0.2468782004011006,0.23452308201572766,-23.692450025,-48.396149625,-1267.0975025
127,164540,-0.03264672363442545,0.017229254727635906,29.699479175,-163.01592475,-1406.0974
128,52873,-0.15303629755345025,0.5088369628028725,45.949150075,-117.12074849999999,-1278.8425
128,63942,-0.26499010182421334,0.042714256875960754,88.3295498,-91.197799675,-1277.6300075
129,63942,-0.8849167762340429,0.042714256875960754,88.3295498,-91.197799675,-1277.6300075
130,63942,-0.9417317174263758,0.042714256875960754,88.3295498,-91.197799675,-1277.6300075
131,63820,-0.3729502366838934,0.2439120343385807,49.62892434999999,-91.69679832499999,-1256.8749699999998
131,63942,-1.5737970051431316,0.042714256875960754,88.3295498,-91.197799675,-1277.6300075
132,63942,-2.0161593372537094,0.042714256875960754,88.3295498,-91.197799675,-1277.6300075
133,66892,-0.0981452998843304,0.13375254712068982,-33.367875100000006,-94.24347495,-1276.074985
133,164540,-0.36539667451463687,0.017229254727635906,29.699479175,-163.01592475,-1406.0974
135,980,-0.10013353006986635,0.2642605088712568,23.5089998,-39.431274425,-1377.6850275000002
135,63942,-1.7536768269580334,0.042714256875960754,88.3295498,-91.197799675,-1277.6300075
136,164540,-0.8808507033890821,0.017229254727635906,29.699479175,-163.01592475,-1406.0974
137,54862,-0.1015609461798052,0.5434361016984689,-24.709125049999997,-95.50522615,-1319.327485
137,54863,-0.09470508174053743,0.41355367076179733,-25.5531249,-97.630626675,-1319.17749
137,63942,-0.2958183396291976,0.042714256875960754,88.3295498,-91.197799675,-1277.6300075
138,1222,-0.042021840566291206,0.23482621752347788,20.778349400000003,-42.975649825000005,-1378.4625225
139,63942,-0.13145277537230604,0.042714256875960754,88.3295498,-91.197799675,-1277.6300075
140,163299,-0.09277463125831888,0.35581527551547326,32.3400433,-170.04397425,-1409.8973925
141,63942,-0.6851460824872312,0.042714256875960754,88.3295498,-91.197799675,-1277.6300075
142,22817,-0.0667033322374963,0.5680451301536379,49.776499724999994,-60.542249674999994,-1286.4749775
143,42532,-0.017959522413158128,0.26950328986354494,-3.0144349950000002,-74.85019875,-1271.1174925
143,56867,-0.023286214174979083,0.3046564696025022,74.107650725,-41.431025475,-1283.02997
143,63942,-0.4576677882753763,0.042714256875960754,88.3295498,-91.197799675,-1277.6300075
144,63942,-0.6788818392530682,0.042714256875960754,88.3295498,-91.197799675,-1277.6300075
145,16620,-0.03142314888211886,0.23892320857877328,-15.5444503,-54.2836504,-1311.560025
145,63942,-0.3029592269192305,0.042714256875960754,88.3295498,-91.197799675,-1277.6300075
145,123667,-0.052989815405851015,0.2565031799853494,-80.3404255,-96.95025059999999,-1240.820035
145,164540,-1.0074715916064771,0.017229254727635906,29.699479175,-163.01592475,-1406.0974
148,29783,-0.029347736471041823,4.327461031945572,64.19833905,-73.855418125,-1283.9355824999998
148,33101,-0.08909486248381894,0.35595529822916405,63.61514855,-67.21157455000001,-1281.9599925000002
149,164343,-0.21459582277906172,0.2784481610612162,25.228374950000003,-168.22674575000002,-1415.2674575
149,164540,-0.8228019576050561,0.017229254727635906,29.699479175,-163.01592475,-1406.0974
150,42532,-0.17465419045333688,0.26950328986354494,-3.0144349950000002,-74.85019875,-1271.1174925
150,164540,-0.017997391830744336,0.017229254727635906,29.699479175,-163.01592475,-1406.0974
151,42532,-0.08030106105148963,0.26950328986354494,-3.0144349950000002,-74.85019875,-1271.1174925
151,44213,-0.019941804134410573,2.3263162375421533,-11.149880107500001,-82.58363217500002,-1270.3601825
151,63869,-0.0371427744165996,0.2964629279800975,78.515398025,-92.51902580000001,-1258.2900075
153,31071,-0.25342407672086026,0.3475645588089408,-20.419799825,-68.77630044999998,-1324.4599924999998
153,63942,-0.6075342451595551,0.042714256875960754,88.3295498,-91.197799675,-1277.6300075
154,63820,-0.06368963654608582,0.2439120343385807,49.62892434999999,-91.69679832499999,-1256.8749699999998
154,63942,-0.012108195555905853,0.042714256875960754,88.3295498,-91.197799675,-1277.6300075
155,165,-0.16837928292605522,0.28869645323240656,30.8230252,-59.71565055,-1389.132505
156,63942,-1.505409282709594,0.042714256875960754,88.3295498,-91.197799675,-1277.6300075
157,1222,-0.23033510623832928,0.23482621752347788,20.778349400000003,-42.975649825000005,-1378.4625225
157,163299,-1.029542298612574,0.35581527551547326,32.3400433,-170.04397425,-1409.8973925
158,17473,-0.10332163278944871,1.79385137666024,12.26362705,-78.68858510000001,-1295.9410075
158,19158,-0.005472988819908957,2.538845191691203,67.1222071,-61.898583125,-1297.87366
159,63942,-0.7122806382389145,0.042714256875960754,88.3295498,-91.197799675,-1277.6300075
160,2537,-0.2875225017648827,0.9722936743354627,23.90115385,-34.3484427,-1352.45765
160,11408,-0.09199402532321957,1.1218287542852519,42.70419844999999,-63.4519516,-1309.920075
160,42532,-0.17669847226409563,0.26950328986354494,-3.0144349950000002,-74.85019875,-1271.1174925
160,66892,-0.01964703350319116,0.13375254712068982,-33.367875100000006,-94.24347495,-1276.074985
160,162477,-0.011064766241435547,1.6283171275308232,29.619978075000002,-183.22488625,-1396.282425
162,63942,-0.3326640525081649,0.042714256875960754,88.3295498,-91.197799675,-1277.6300075
162,125994,-0.10197391117008003,0.256718428605234,-37.2897253,-123.82399925000001,-1388.119995
163,164540,-0.7544529759293832,0.017229254727635906,29.699479175,-163.01592475,-1406.0974
164,63942,-0.39384464360331917,0.042714256875960754,88.3295498,-91.197799675,-1277.6300075
164,164540,-0.2044770072716969,0.017229254727635906,29.699479175,-163.01592475,-1406.0974
165,63942,-1.5874210201441026,0.042714256875960754,88.3295498,-91.197799675,-1277.6300075
165,124653,-0.16427943868405392,3.1428124053887565,-34.069148375000005,-120.911837,-1390.0197125000002
167,63942,-0.16280790414090926,0.042714256875960754,88.3295498,-91.197799675,-1277.6300075
168,42532,-0.25480789466313564,0.26950328986354494,-3.0144349950000002,-74.85019875,-1271.1174925
171,980,-0.11896897706680677,0.2642605088712568,23.5089998,-39.431274425,-1377.6850275000002
171,1969,-0.03201902743419851,0.8440455426504049,21.633924975,-34.254949575,-1365.4799825
171,2537,-0.538196462242679,0.9722936743354627,23.90115385,-34.3484427,-1352.45765
171,63942,-2.4032952109376318,0.042714256875960754,88.3295498,-91.197799675,-1277.6300075
171,154800,-0.022494105942903776,1.4027693707414135,-17.463544600000002,-114.40877400000001,-1422.7336575
172,164343,-0.04778470604704169,0.2784481610612162,25.228374950000003,-168.22674575000002,-1415.2674575
173,42532,-0.08245106460412027,0.26950328986354494,-3.0144349950000002,-74.85019875,-1271.1174925
173,63942,-0.2807592329630242,0.042714256875960754,88.3295498,-91.197799675,-1277.6300075
175,2122,-0.11144341507434384,0.2621101987616462,40.671298975,-34.439700125,-1359.47
175,63820,-0.1426062133068275,0.2439120343385807,49.62892434999999,-91.69679832499999,-1256.8749699999998
175,63942,-0.9674766242922136,0.042714256875960754,88.3295498,-91.197799675,-1277.6300075
177,63942,-2.266668314547752,0.042714256875960754,88.3295498,-91.197799675,-1277.6300075
178,27260,-0.008042860418534581,0.14906138643767755,79.355924625,-68.3213997,-1305.0550225
178,63942,-1.8078510264827758,0.042714256875960754,88.3295498,-91.197799675,-1277.6300075
180,163299,-0.8116407208649978,0.35581527551547326,32.3400433,-170.04397425,-1409.8973925
184,55576,-0.09819383884872498,0.45480911733350243,83.29949950000001,-98.32437515,-1316.0249925
184,164540,-0.19785657530863524,0.017229254727635906,29.699479175,-163.01592475,-1406.0974
185,42532,-0.13731472621804697,0.26950328986354494,-3.0144349950000002,-74.85019875,-1271.1174925
186,165,-0.06889173402456764,0.28869645323240656,30.8230252,-59.71565055,-1389.132505
186,63942,-0.6257944588920071,0.042714256875960754,88.3295498,-91.197799675,-1277.6300075
187,2537,-0.025362572970511865,0.9722936743354627,23.90115385,-34.3484427,-1352.45765
190,63942,-0.5517111460311378,0.042714256875960754,88.3295498,-91.197799675,-1277.6300075
191,52875,-0.02619676554058044,0.5540745757328833,46.648975375000006,-117.02324850000001,-1281.8825075
191,123667,-0.1355200952675959,0.2565031799853494,-80.3404255,-96.95025059999999,-1240.820035
192,63942,-1.527153101340057,0.042714256875960754,88.3295498,-91.197799675,-1277.6300075
193,63942,-0.4353978433008613,0.042714256875960754,88.3295498,-91.197799675,-1277.6300075
196,42532,-0.2734196688898512,0.26950328986354494,-3.0144349950000002,-74.85019875,-1271.1174925
196,63942,-0.7726393584793076,0.042714256875960754,88.3295498,-91.197799675,-1277.6300075
196,162297,-0.15419562735775236,0.12663162282974064,33.103849749999995,-174.0516415,-1406.0873375
197,125994,-0.29663235889449835,0.256718428605234,-37.2897253,-123.82399925000001,-1388.119995
199,63942,-1.4839482106688378,0.042714256875960754,88.3295498,-91.197799675,-1277.6300075
200,63942,-1.206859914449184,0.042714256875960754,88.3295498,-91.197799675,-1277.6300075
201,42532,-0.2128503159011,0.26950328986354494,-3.0144349950000002,-74.85019875,-1271.1174925
201,60566,-0.031936213588002124,0.2733929704096506,-26.364099975000002,-101.84075175,-1315.0450125
202,63942,-0.49263385813412386,0.042714256875960754,88.3295498,-91.197799675,-1277.6300075
202,72801,-0.020015878004534082,0.35425012322403887,85.547674175,-53.845125200000005,-1258.11499
202,164540,-0.05595351084558124,0.017229254727635906,29.699479175,-163.01592475,-1406.0974
203,1506,-0.05127690193052176,0.31497935971651825,42.406275725,-37.24407480000001,-1366.6725125
204,63942,-0.5874477662882432,0.042714256875960754,88.3295498,-91.197799675,-1277.6300075
205,22817,-0.012042591504607708,0.5680451301536379,49.776499724999994,-60.542249674999994,-1286.4749775
206,21377,-0.05633287282854234,1.3195965633477178,41.434356225,-70.9015483,-1285.8718375
206,148695,-0.33483170320320743,0.334479873436539,167.79074500000002,-159.16600025000002,-1272.8775025
207,129613,-0.019055858153153128,0.29032087019999897,-49.0653,-101.28174974999999,-1400.7324800000001
208,980,-0.04384066618555817,0.2642605088712568,23.5089998,-39.431274425,-1377.6850275000002
209,63820,-0.0975072459776683,0.2439120343385807,49.62892434999999,-91.69679832499999,-1256.8749699999998
210,160832,-0.19685510016461563,2.4164613057391855,69.77656424999999,-124.06464050000001,-1431.4158725000002
211,40597,-0.03200005817395662,0.5632729399925686,79.87965012500001,-84.634300225,-1317.5325
211,63942,-0.3872797435274584,0.042714256875960754,88.3295498,-91.197799675,-1277.6300075
212,63820,-0.21202860497143924,0.2439120343385807,49.62892434999999,-91.69679832499999,-1256.8749699999998
212,66892,-0.7614776878055975,0.13375254712068982,-33.367875100000006,-94.24347495,-1276.074985
212,125994,-0.027232796883018485,0.256718428605234,-37.2897253,-123.82399925000001,-1388.119995
213,21377,-0.024304649266452632,1.3195965633477178,41.434356225,-70.9015483,-1285.8718375
214,63942,-1.2771943635334324,0.042714256875960754,88.3295498,-91.197799675,-1277.6300075
215,31615,-0.056770916796915954,2.08080525281423,11.3354588025,-88.09184537499999,-1276.96345
215,42532,-0.36663477525704846,0.26950328986354494,-3.0144349950000002,-74.85019875,-1271.1174925
215,63942,-0.150872651278235,0.042714256875960754,88.3295498,-91.197799675,-1277.6300075
216,125994,-0.07049908946374728,0.256718428605234,-37.2897253,-123.82399925000001,-1388.119995
217,63942,-0.5687491846289361,0.042714256875960754,88.3295498,-91.197799675,-1277.6300075
217,123667,-0.1462597168788178,0.2565031799853494,-80.3404255,-96.95025059999999,-1240.820035
217,164540,-0.5691733399629658,0.017229254727635906,29.699479175,-163.01592475,-1406.0974
218,125994,-0.015135087871553604,0.256718428605234,-37.2897253,-123.82399925000001,-1388.119995
219,1506,-0.03789777418276188,0.31497935971651825,42.406275725,-37.24407480000001,-1366.6725125
219,63942,-0.22145914709366615,0.042714256875960754,88.3295498,-91.197799675,-1277.6300075
219,66304,-0.04617007209091142,0.23452308201572766,-23.692450025,-48.396149625,-1267.0975025
219,123667,-0.038014591885890646,0.2565031799853494,-80.3404255,-96.95025059999999,-1240.820035
219,125994,-0.00686968142550982,0.256718428605234,-37.2897253,-123.82399925000001,-1388.119995
222,42532,-0.024358532461883804,0.26950328986354494,-3.0144349950000002,-74.85019875,-1271.1174925
222,63942,-0.049281674372183094,0.042714256875960754,88.3295498,-91.197799675,-1277.6300075
224,138061,-0.049413985733848115,3.6810485685068084,152.7190845,-146.09623275,-1269.0777025
225,1222,-0.27212497630547294,0.23482621752347788,20.778349400000003,-42.975649825000005,-1378.4625225
225,63942,-0.28836328144342194,0.042714256875960754,88.3295498,-91.197799675,-1277.6300075
226,31615,-0.051771071668531864,2.08080525281423,11.3354588025,-88.09184537499999,-1276.96345
227,31615,-0.00655095026888689,2.08080525281423,11.3354588025,-88.09184537499999,-1276.96345
227,164540,-0.14433458311415545,0.017229254727635906,29.699479175,-163.01592475,-1406.0974
228,63942,-0.22244834628597412,0.042714256875960754,88.3295498,-91.197799675,-1277.6300075
229,49500,-0.04128745936324918,1.5698194522334583,27.036376774999997,-67.27053857499999,-1273.3315975
229,163299,-0.18749553699839588,0.35581527551547326,32.3400433,-170.04397425,-1409.8973925
230,66892,-0.7340366396726827,0.13375254712068982,-33.367875100000006,-94.24347495,-1276.074985
230,125994,-0.010765201377503131,0.256718428605234,-37.2897253,-123.82399925000001,-1388.119995
232,41031,-0.1562267409357953,0.27836655744644173,7.3223176025,-76.143424975,-1273.44751
232,65880,-0.4574272202913517,0.2465408901412468,-34.53982545000001,-98.19184877500001,-1278.3249825
233,42532,-0.024209231086242324,0.26950328986354494,-3.0144349950000002,-74.85019875,-1271.1174925
233,63942,-0.2440502574694362,0.042714256875960754,88.3295498,-91.197799675,-1277.6300075
233,66304,-0.020736911581589648,0.23452308201572766,-23.692450025,-48.396149625,-1267.0975025
233,164540,-0.4975285007832832,0.017229254727635906,29.699479175,-163.01592475,-1406.0974
235,63942,-0.23795957985612254,0.042714256875960754,88.3295498,-91.197799675,-1277.6300075
236,31615,-0.18077557090431862,2.08080525281423,11.3354588025,-88.09184537499999,-1276.96345
236,63942,-0.4942989207797083,0.042714256875960754,88.3295498,-91.197799675,-1277.6300075
238,63942,-0.36235490185837044,0.042714256875960754,88.3295498,-91.197799675,-1277.6300075
239,9471,-0.05564036716266055,1.836801413495693,13.2309863,-46.18359355,-1318.6668375
239,63942,-2.026211935690352,0.042714256875960754,88.3295498,-91.197799675,-1277.6300075
239,161319,-0.09763504976669933,0.35343497605110213,32.4429493,-169.12725075000003,-1395.8824775
240,69181,-0.01883541539064798,0.4972571424554609,91.495426175,-105.29025074999998,-1286.9924625
240,125994,-0.16575563638804905,0.256718428605234,-37.2897253,-123.82399925000001,-1388.119995
241,63820,-0.3651517496681154,0.2439120343385807,49.62892434999999,-91.69679832499999,-1256.8749699999998
243,31615,-0.04168966901779744,2.08080525281423,11.3354588025,-88.09184537499999,-1276.96345
243,63942,-0.7840140175825062,0.042714256875960754,88.3295498,-91.197799675,-1277.6300075
245,35684,-0.5023622940914005,0.2964607568238053,-21.3861246,-76.72812465,-1322.524965
245,124653,-0.013007158065288623,3.1428124053887565,-34.069148375000005,-120.911837,-1390.0197125000002
245,129613,-0.38404245566464595,0.29032087019999897,-49.0653,-101.28174974999999,-1400.7324800000001
246,63942,-0.35482612667800156,0.042714256875960754,88.3295498,-91.197799675,-1277.6300075
247,66892,-0.35741103477660874,0.13375254712068982,-33.367875100000006,-94.24347495,-1276.074985
248,35684,-0.5686563829937735,0.2964607568238053,-21.3861246,-76.72812465,-1322.524965
250,63942,-0.2867272241790146,0.042714256875960754,88.3295498,-91.197799675,-1277.6300075
250,125994,-0.32784922395895055,0.256718428605234,-37.2897253,-123.82399925000001,-1388.119995
250,150756,-0.026205914050010694,0.30947390416132264,145.72224825,-184.25225075000003,-1293.827455
253,63942,-1.3685146365050143,0.042714256875960754,88.3295498,-91.197799675,-1277.6300075
254,63942,-0.30016737247869674,0.042714256875960754,88.3295498,-91.197799675,-1277.6300075
254,165944,-0.08279858711096903,1.4967852320933035,56.084964275,-145.52229775,-1423.958655
255,1121,-0.31360689262017755,2.1789728440878595,38.846065425000006,-40.972883,-1366.5316850000002
255,1506,-0.15687726421930392,0.31497935971651825,42.406275725,-37.24407480000001,-1366.6725125
255,158076,-0.003857523576143791,0.406357448178434,-19.238825325,-104.02274875,-1445.670015
256,63942,-1.0041824789003964,0.042714256875960754,88.3295498,-91.197799675,-1277.6300075
257,42532,-0.3523625306742992,0.26950328986354494,-3.0144349950000002,-74.85019875,-1271.1174925
257,129613,-0.06635517155392033,0.29032087019999897,-49.0653,-101.28174974999999,-1400.7324800000001
258,9862,-0.029101120491547082,0.9228768356990149,28.992699625,-33.12144945,-1315.3249850000002
258,12868,-0.05433666121821131,0.5528623241448875,28.3559251,-36.862649925,-1306.9974975
258,13658,-0.03839977020598088,1.1145131429951671,28.5430999,-38.17505075,-1305.5725075
258,14057,-0.014593560493420641,0.7874465530133404,28.428349500000003,-38.560151125000004,-1305.1550275
258,14058,-0.0723219978636906,0.3999511466745806,27.735549925,-38.343026175,-1305.4200124999998
258,14460,-0.009275636821832712,0.7683808894681509,29.351899625,-38.593325650000004,-1304.3950175
258,63942,-0.20077406917575794,0.042714256875960754,88.3295498,-91.197799675,-1277.6300075
259,35684,-0.7971611415446893,0.2964607568238053,-21.3861246,-76.72812465,-1322.524965
259,44213,-0.18125892805835295,2.3263162375421533,-11.149880107500001,-82.58363217500002,-1270.3601825
260,2537,-0.006756730474615116,0.9722936743354627,23.90115385,-34.3484427,-1352.45765
261,31071,-0.012635430264280078,0.3475645588089408,-20.419799825,-68.77630044999998,-1324.4599924999998
261,63942,-1.6689795398855434,0.042714256875960754,88.3295498,-91.197799675,-1277.6300075
264,63942,-0.5457793408409184,0.042714256875960754,88.3295498,-91.197799675,-1277.6300075
264,164023,-0.044685583578516916,0.24442383900119302,27.159583825,-179.10303949999997,-1403.6354999999999
265,11599,-0.26978721271522915,3.1634454749799628,3.1447982984999996,-49.145094175000004,-1313.850445
265,35684,-0.08085119467415303,0.2964607568238053,-21.3861246,-76.72812465,-1322.524965
265,125994,-0.18052507219373218,0.256718428605234,-37.2897253,-123.82399925000001,-1388.119995
266,63942,-1.663903788566833,0.042714256875960754,88.3295498,-91.197799675,-1277.6300075
267,66304,-0.13917536543262918,0.23452308201572766,-23.692450025,-48.396149625,-1267.0975025
269,42532,-0.05726542253431946,0.26950328986354494,-3.0144349950000002,-74.85019875,-1271.1174925
270,13597,-0.012813873871111785,1.944869173126737,72.055615425,-52.376046725,-1322.9870225000002
270,125994,-0.3217088668525459,0.256718428605234,-37.2897253,-123.82399925000001,-1388.119995
271,63942,-0.8583869244532522,0.042714256875960754,88.3295498,-91.197799675,-1277.6300075
272,63942,-0.5800989001613427,0.042714256875960754,88.3295498,-91.197799675,-1277.6300075
273,1506,-0.1208838659227074,0.31497935971651825,42.406275725,-37.24407480000001,-1366.6725125
274,63942,-0.9647997118660997,0.042714256875960754,88.3295498,-91.197799675,-1277.6300075
274,163299,-0.9391676669304548,0.35581527551547326,32.3400433,-170.04397425,-1409.8973925
275,35684,-0.23021039224418435,0.2964607568238053,-21.3861246,-76.72812465,-1322.524965
275,63942,-0.628528053049808,0.042714256875960754,88.3295498,-91.197799675,-1277.6300075
275,125994,-0.03479066976385345,0.256718428605234,-37.2897253,-123.82399925000001,-1388.119995
277,1506,-0.019210472471043134,0.31497935971651825,42.406275725,-37.24407480000001,-1366.6725125
