specification,load_case,outcome,sex,slope,low,high,p,q
published,SP2leg,rot_mag_deg,male,-0.6794267760928792,-0.8901552828453004,-0.4686982693404579,2.625908330290105e-10,5.25181666058021e-10
published,SP2leg,rot_mag_deg,female,-0.6053800528132681,-0.7643229873712402,-0.4464371182552961,8.315685619074118e-14,2.7718952063580396e-13
without_triad,SP2leg,rot_mag_deg,male,-0.5820083151351689,-0.7921691319355975,-0.37184749833474035,5.701428376224726e-08,1.6556295860025465e-07
without_triad,SP2leg,rot_mag_deg,female,-0.5346987157617906,-0.6848344785512059,-0.38456295297237536,2.9431563035980717e-12,1.4715781517990357e-11
published,SP2leg,trans_mag_mm,male,-0.3655555526460681,-0.5307857097053436,-0.20032539558679263,1.4489575198928118e-05,1.704655905756249e-05
published,SP2leg,trans_mag_mm,female,-0.40171301538633425,-0.5218459738073559,-0.28158005696531263,5.5996910256511636e-11,1.2443757834780362e-10
without_triad,SP2leg,trans_mag_mm,male,-0.23102865382808785,-0.3894908745728351,-0.0725664330833406,0.004269046308019181,0.005022407421199036
without_triad,SP2leg,trans_mag_mm,female,-0.2996176638622924,-0.43727891165601707,-0.1619564160685677,1.9908820447936345e-05,3.981764089587269e-05
published,SP1leg,rot_mag_deg,male,-0.6220958873542461,-0.8951359283087246,-0.3490558463997677,7.981689691611729e-06,1.0642252922148973e-05
published,SP1leg,rot_mag_deg,female,-0.5497103689197959,-0.7602098235047747,-0.339210914334817,3.080460986278146e-07,4.4006585518259235e-07
without_triad,SP1leg,rot_mag_deg,male,-0.6251087665769925,-0.8745295577627089,-0.3756879753912762,9.00446967638805e-07,2.0009932614195668e-06
without_triad,SP1leg,rot_mag_deg,female,-0.5993454615487236,-0.7798881352527268,-0.41880278784472036,7.687599665599743e-11,3.0750398662398973e-10
published,SP1leg,trans_mag_mm,male,-0.4595836121482154,-0.7107940733514231,-0.20837315094500775,0.0003360802330744877,0.0003537686663941976
published,SP1leg,trans_mag_mm,female,-0.3971518936931448,-0.5911721759436437,-0.2031316114426459,6.01955366008733e-05,6.688392955652589e-05
without_triad,SP1leg,trans_mag_mm,male,-0.3454984097868992,-0.5816213686367913,-0.10937545093700718,0.0041320694506684005,0.005022407421199036
without_triad,SP1leg,trans_mag_mm,female,-0.3244768156043401,-0.5133587346062535,-0.13559489660242674,0.0007597735921979265,0.0011688824495352714
published,LAB_phase1,rot_mag_deg,male,-0.9156960278542501,-1.1440675078861202,-0.6873245478223798,3.8731033317370235e-15,1.5492413326948094e-14
published,LAB_phase1,rot_mag_deg,female,-1.062120913222281,-1.2327529022849675,-0.8914889241595947,3.0978045590126163e-34,6.195609118025232e-33
without_triad,LAB_phase1,rot_mag_deg,male,-0.679527461900898,-0.925033111043418,-0.4340218127583779,5.794703551008912e-08,1.6556295860025465e-07
without_triad,LAB_phase1,rot_mag_deg,female,-0.7063037439064204,-0.8494112130627031,-0.5631962747501377,3.90640245721396e-22,3.9064024572139595e-21
published,LAB_phase1,trans_mag_mm,male,-0.5675626922630111,-0.9253050098865654,-0.2098203746394569,0.001873632548395997,0.001873632548395997
published,LAB_phase1,trans_mag_mm,female,-1.003447249342988,-1.2702961056087123,-0.7365983930772637,1.7024217848726256e-13,4.864062242493217e-13
without_triad,LAB_phase1,trans_mag_mm,male,-0.19873344963514478,-0.5677760640724051,0.17030916480211555,0.29120527878466185,0.29120527878466185
without_triad,LAB_phase1,trans_mag_mm,female,-0.4810209190430715,-0.7431172331989279,-0.2189246048872151,0.0003217170980556912,0.000536195163426152
published,LAB_phase2,rot_mag_deg,male,-0.5405180933312559,-0.7139013890953867,-0.3671347975671251,9.947454283576091e-10,1.657909047262682e-09
published,LAB_phase2,rot_mag_deg,female,-0.6737087501458414,-0.8038755985902667,-0.5435419017014161,3.5080198071599914e-24,2.3386798714399945e-23
without_triad,LAB_phase2,rot_mag_deg,male,-0.4373761641529903,-0.6111237499435095,-0.2636285783624711,8.059405187623668e-07,2.0009932614195668e-06
without_triad,LAB_phase2,rot_mag_deg,female,-0.5808681326753504,-0.6911937747562754,-0.47054249059442543,5.754323022179575e-25,1.150864604435915e-23
published,LAB_phase2,trans_mag_mm,male,-0.8176326351935501,-1.1793760659321177,-0.45588920445498254,9.418892749939123e-06,1.1773615937423903e-05
published,LAB_phase2,trans_mag_mm,female,-0.946549469630253,-1.287144663220844,-0.6059542760396618,5.121383589361194e-08,7.879051675940298e-08
without_triad,LAB_phase2,trans_mag_mm,male,-0.3820888558323631,-0.7433628746479504,-0.020814837016775722,0.03817920537743046,0.04242133930825607
without_triad,LAB_phase2,trans_mag_mm,female,-0.5220796462583845,-0.8302432234846473,-0.21391606903212174,0.0008983656736784667,0.0012728812301919068
published,LAB_phase3,rot_mag_deg,male,-0.8497532524921769,-1.0481167352799934,-0.6513897697043605,4.6082555832429185e-17,2.3041277916214593e-16
published,LAB_phase3,rot_mag_deg,female,-1.0452593874659162,-1.2398583338768938,-0.8506604410549384,6.428641350467737e-26,6.428641350467737e-25
without_triad,LAB_phase3,rot_mag_deg,male,-0.4636290118478196,-0.703000816812769,-0.22425720688287024,0.00014690717793108235,0.00026710395987469517
without_triad,LAB_phase3,rot_mag_deg,female,-0.6143878941142735,-0.7724480387242727,-0.45632774950427435,2.5640088273782452e-14,1.7093392182521637e-13
published,LAB_phase3,trans_mag_mm,male,-0.6999876997478125,-0.921855193671427,-0.478120205824198,6.259151023927802e-10,1.138027458895964e-09
published,LAB_phase3,trans_mag_mm,female,-0.903827278247644,-1.1589018915387441,-0.6487526649565438,3.783733524907861e-12,9.459333812269653e-12
without_triad,LAB_phase3,trans_mag_mm,male,-0.2240439567936557,-0.4703624288149652,0.02227451522765378,0.07462575245874609,0.07855342364078535
without_triad,LAB_phase3,trans_mag_mm,female,-0.3817089602242201,-0.6081767497063256,-0.1552411707421145,0.0009546609226439301,0.0012728812301919068
