subject_idx,weight,translation_mm,scalar_oracle_mm,vector_oracle_mm,directional_reduction_pct,mean_endpoint_cosine,rotation_deg
0,0.0,0.15134893899984592,0.15134893899984592,0.15134893899984592,0.0,0.46957006802315526,0.1513087160251316
0,0.25,0.15047291175797245,0.17351734155134663,0.150276689060035,13.280764670172719,0.46957006802315526,0.15825356401477636
0,0.5,0.1676071498546819,0.19568574410284734,0.1674497874933813,14.348819520244692,0.46957006802315526,0.3072037541204822
0,0.75,0.19912452394805064,0.21785414665434805,0.1990959707130504,8.59732210468971,0.46957006802315526,0.4731179117981982
0,1.0,0.24002254920584876,0.24002254920584876,0.24002254920584876,0.0,0.46957006802315526,0.6440990601014386
1,0.0,0.11069220554622783,0.11069220554622783,0.11069220554622783,0.0,-0.16052661482811634,0.1857571419626201
1,0.25,0.13626675376444425,0.20585899398031426,0.13652626005291058,33.805780777557345,-0.16052661482811634,0.22849913780108594
1,0.5,0.2459214533850374,0.3010257824144007,0.24604804952818057,18.30551808133999,-0.16052661482811634,0.39722084997123386
1,0.75,0.3670293105735056,0.3961925708484872,0.3671247795585785,7.360880142836979,-0.16052661482811634,0.5910668558828593
1,1.0,0.4913593592825736,0.4913593592825736,0.4913593592825736,0.0,-0.16052661482811634,0.7931607213173977
2,0.0,0.11846479976215996,0.11846479976215996,0.11846479976215996,0.0,-0.3048737185737385,0.19439532535857654
2,0.25,0.09090105468331236,0.14744351958532484,0.09093911676437023,38.34855886581819,-0.3048737185737385,0.13588686939926262
2,0.5,0.1125438097322144,0.17642223940848972,0.11264866507150605,36.20769688132719,-0.3048737185737385,0.263128348380139
2,0.75,0.16824304496825676,0.20540095923165458,0.16833465805158923,18.09042878981423,-0.3048737185737385,0.42971590662784653
2,1.0,0.23437967905481946,0.23437967905481946,0.23437967905481946,0.0,-0.3048737185737385,0.6039749452328254
