load_case,outcome,comparison,delta_rmse,ci95_low,ci95_high,reduction_pct
SP2leg,rot_mag_deg,size_to_triad,0.021332946961998223,0.013049454441743324,0.029739809643672455,13.379374981706837
SP2leg,rot_mag_deg,triad_to_triad_sex,-3.6775890859097604e-05,-0.0024944541980480043,0.0023714687651212357,-0.026627283423374948
SP2leg,rot_mag_deg,triad_to_all_dimensions,-0.0008584034375433147,-0.0036960367290494816,0.002163533103242909,-0.6215199982682718
SP2leg,trans_mag_mm,size_to_triad,0.054268843184326454,0.042087980423676036,0.06633340524693951,30.95854137801364
SP2leg,trans_mag_mm,triad_to_triad_sex,0.0025807355355711575,-0.0010706309827142988,0.006157158771967734,2.132374450718588
SP2leg,trans_mag_mm,triad_to_all_dimensions,0.00038858073959992245,-0.002135540384383475,0.0030056347727871234,0.32107111702974755
SP1leg,rot_mag_deg,size_to_triad,0.010898379733800367,0.000566815032857833,0.021092564907764663,3.1557273067513325
SP1leg,rot_mag_deg,triad_to_triad_sex,-0.0036423671197900465,-0.007953020135228982,-1.9253236188443383e-05,-1.0890487146071548
SP1leg,rot_mag_deg,triad_to_all_dimensions,-0.0018687840927828492,-0.009033675496521211,0.00521129941158474,-0.5587566676257483
SP1leg,trans_mag_mm,size_to_triad,0.048978581399991616,0.03266962205876817,0.06532436416168329,16.17215565897422
SP1leg,trans_mag_mm,triad_to_triad_sex,-0.001222142182839836,-0.006262962974908777,0.00342294679904015,-0.4813878742573996
SP1leg,trans_mag_mm,triad_to_all_dimensions,-0.001867199002294706,-0.00780395819415131,0.0037611055356749088,-0.7354684022456315
LAB_phase1,rot_mag_deg,size_to_triad,0.006508520041724003,0.00427513386328665,0.008762317359975721,16.894591453266184
LAB_phase1,rot_mag_deg,triad_to_triad_sex,-0.0002246162746027333,-0.000823779482804543,0.0002796169670703667,-0.7015802885270039
LAB_phase1,rot_mag_deg,triad_to_all_dimensions,-0.0002787288495499224,-0.0009145723599795089,0.0003050635165318156,-0.8705988336503934
LAB_phase1,trans_mag_mm,size_to_triad,0.007671547713276959,0.004807665880623381,0.010422665514838487,18.371674743729216
LAB_phase1,trans_mag_mm,triad_to_triad_sex,7.518464191073188e-05,-0.000724520755368571,0.0009205703397641749,0.22057384144462677
LAB_phase1,trans_mag_mm,triad_to_all_dimensions,0.0011622006271651622,-0.0002120151158757244,0.002559701484131589,3.409619974881739
LAB_phase2,rot_mag_deg,size_to_triad,0.0010750576976511772,-0.0011655088018011242,0.0035216281036641066,1.213243786821916
LAB_phase2,rot_mag_deg,triad_to_triad_sex,-0.0004228293076947026,-0.0013900237707033004,0.0004925546140236439,-0.48303951512411736
LAB_phase2,rot_mag_deg,triad_to_all_dimensions,-0.0007843369086107388,-0.00229697866544983,0.0007708952612955389,-0.896025211910878
LAB_phase2,trans_mag_mm,size_to_triad,0.006618389500397989,0.002408480730041784,0.010847282308102193,8.162793272973145
LAB_phase2,trans_mag_mm,triad_to_triad_sex,-0.00023709463406462739,-0.0009396762920483772,0.00039209507244008374,-0.31841207922722603
LAB_phase2,trans_mag_mm,triad_to_all_dimensions,-0.00017898372437101517,-0.0016977444358558362,0.0012812485564473565,-0.24037060159391999
LAB_phase3,rot_mag_deg,size_to_triad,0.045572228852814756,0.0331088893032816,0.05904608186315264,24.953390077017957
LAB_phase3,rot_mag_deg,triad_to_triad_sex,-0.0008590432550487914,-0.002616283223589777,0.00098150999395607,-0.6267772716324949
LAB_phase3,rot_mag_deg,triad_to_all_dimensions,0.0018659741191410228,-0.001674255279424823,0.005439271625141638,1.3614566675873352
LAB_phase3,trans_mag_mm,size_to_triad,0.046234681864039937,0.03410616420045035,0.05784883548486149,31.342846419423253
LAB_phase3,trans_mag_mm,triad_to_triad_sex,-0.0007834024139790896,-0.002674295426615123,0.0008440321519407862,-0.7735166603433319
LAB_phase3,trans_mag_mm,triad_to_all_dimensions,0.0009254645175297838,-0.0018703964497104916,0.0036598218285744024,0.9137860824679711
