load_case,outcome,model,cv_r2,rmse,mae,p95_absolute_error,baseline_rmse,n_subjects,repeats,folds
SP2leg,rot_mag_deg,size,0.48126906845998985,0.15944651369115553,0.12232543438243887,0.3113572713283169,0.22185122342485625,278,10,10
SP2leg,rot_mag_deg,triad,0.6107892996182407,0.1381135667291573,0.10706813025838396,0.2550304233147162,0.22185122342485625,278,10,10
SP2leg,rot_mag_deg,triad_sex,0.6105819995501168,0.1381503426200164,0.10629554735749616,0.2606451426226574,0.22185122342485625,278,10,10
SP2leg,rot_mag_deg,all_dimensions,0.6059362202341003,0.13897197016670063,0.10753114879146486,0.26628370436921595,0.22185122342485625,278,10,10
SP2leg,trans_mag_mm,size,0.40545715371926994,0.1752952198932328,0.13947757104453196,0.3425993002381409,0.22769804960145903,278,10,10
SP2leg,trans_mag_mm,triad,0.7165978935004519,0.12102637670890634,0.09568323455185448,0.24252518575332624,0.22769804960145903,278,10,10
SP2leg,trans_mag_mm,triad_sex,0.7285554181967939,0.11844564117333518,0.09389344064032558,0.22487556544063733,0.22769804960145903,278,10,10
SP2leg,trans_mag_mm,all_dimensions,0.7184148166207781,0.12063779596930642,0.09504797375803418,0.23949490539718774,0.22769804960145903,278,10,10
SP1leg,rot_mag_deg,size,0.37447979457801905,0.3453523918395745,0.2660951634422221,0.6269817452653303,0.43812848171566815,278,10,10
SP1leg,rot_mag_deg,triad,0.4133362869618118,0.33445401210577413,0.26264878769459216,0.6118751487130555,0.43812848171566815,278,10,10
SP1leg,rot_mag_deg,triad_sex,0.4004885998036052,0.3380963792255642,0.26452194873301854,0.609982655558216,0.43812848171566815,278,10,10
SP1leg,rot_mag_deg,all_dimensions,0.4067619255656112,0.336322796198557,0.26759986941363395,0.6313623744508936,0.43812848171566815,278,10,10
SP1leg,trans_mag_mm,size,0.31859851712972065,0.30285746954712583,0.23849205907025423,0.5990049604202722,0.36778053466935695,278,10,10
SP1leg,trans_mag_mm,triad,0.521171853816254,0.2538788881471342,0.1972421711741916,0.515811990819702,0.36778053466935695,278,10,10
SP1leg,trans_mag_mm,triad_sex,0.5165507164579014,0.25510103032997405,0.1973985588728372,0.5031645772654669,0.36778053466935695,278,10,10
SP1leg,trans_mag_mm,all_dimensions,0.5141026939099671,0.2557460871494289,0.19958734947516035,0.5225230957998421,0.36778053466935695,278,10,10
LAB_phase1,rot_mag_deg,size,0.5463188799395291,0.03852428192612927,0.029697804079790727,0.07513472013918003,0.05731830603175406,278,10,10
LAB_phase1,rot_mag_deg,triad,0.6866647293057195,0.03201576188440527,0.02320305965630679,0.06487469502535584,0.05731830603175406,278,10,10
LAB_phase1,rot_mag_deg,triad_sex,0.6822527094843996,0.032240378159008,0.023231467825280867,0.06614902335485609,0.05731830603175406,278,10,10
LAB_phase1,rot_mag_deg,all_dimensions,0.6811851938750726,0.03229449073395519,0.023428318547197124,0.06244129807386532,0.05731830603175406,278,10,10
LAB_phase1,trans_mag_mm,size,0.2310795346890251,0.04175747622516276,0.03250533511346815,0.08650575690859111,0.04774691023984,278,10,10
LAB_phase1,trans_mag_mm,triad,0.487654185491995,0.0340859285118858,0.02678034758020126,0.06783969383471831,0.04774691023984,278,10,10
LAB_phase1,trans_mag_mm,triad_sex,0.4899118944742321,0.03401074386997507,0.0269211541101678,0.0669258385184664,0.04774691023984,278,10,10
LAB_phase1,trans_mag_mm,all_dimensions,0.5219966479002167,0.03292372788472064,0.025678152332855555,0.06523048344584402,0.04774691023984,278,10,10
LAB_phase2,rot_mag_deg,size,0.4034827482599679,0.0886101960156973,0.07000786139392681,0.1701530873807548,0.1150943228993437,278,10,10
LAB_phase2,rot_mag_deg,triad,0.417869360265688,0.08753513831804613,0.06939713156729314,0.16759339128714543,0.1150943228993437,278,10,10
LAB_phase2,rot_mag_deg,triad_sex,0.4122319355369065,0.08795796762574083,0.07000901429216218,0.1681474798080976,0.1150943228993437,278,10,10
LAB_phase2,rot_mag_deg,all_dimensions,0.4073905486598779,0.08831947522665687,0.07071831266368699,0.16998922101272892,0.1150943228993437,278,10,10
LAB_phase2,trans_mag_mm,size,0.18015838017229147,0.08107995975239693,0.06339189021495081,0.16574323721958933,0.08981459287737936,278,10,10
LAB_phase2,trans_mag_mm,triad,0.30853963075353263,0.07446157025199894,0.057399456162883666,0.15853011662261923,0.08981459287737936,278,10,10
LAB_phase2,trans_mag_mm,triad_sex,0.30412923361849475,0.07469866488606357,0.05792638775261546,0.15633332517712964,0.08981459287737936,278,10,10
LAB_phase2,trans_mag_mm,all_dimensions,0.30521150073332315,0.07464055397636996,0.057502672482867556,0.15742802327067146,0.08981459287737936,278,10,10
LAB_phase3,rot_mag_deg,size,0.450847049942134,0.18262940911899062,0.1454608402656778,0.35225298591004617,0.2469308928211843,278,10,10
LAB_phase3,rot_mag_deg,triad,0.6907174066391868,0.13705718026617586,0.10596283804372578,0.256625275370087,0.2469308928211843,278,10,10
LAB_phase3,rot_mag_deg,triad_sex,0.6868282304796909,0.13791622352122465,0.10675869508652606,0.26703127465420345,0.2469308928211843,278,10,10
LAB_phase3,rot_mag_deg,all_dimensions,0.6990815761011235,0.13519120614703484,0.10454281368910584,0.25311869355831224,0.2469308928211843,278,10,10
LAB_phase3,trans_mag_mm,size,0.3097101172430835,0.14751270910541225,0.11814392424552278,0.2729423599294639,0.17784306254744467,278,10,10
LAB_phase3,trans_mag_mm,triad,0.674610828021408,0.10127802724137232,0.07924778725587442,0.20285372403531693,0.17784306254744467,278,10,10
LAB_phase3,trans_mag_mm,triad_sex,0.6695574801629682,0.10206142965535141,0.07937647535870662,0.19980996621040106,0.17784306254744467,278,10,10
LAB_phase3,trans_mag_mm,all_dimensions,0.6805303797975029,0.10035256272384253,0.07879051529835487,0.20181363672024127,0.17784306254744467,278,10,10
