subject_idx,repeat,fold
2,0,0
3,0,0
6,0,0
8,0,0
65,0,0
76,0,0
84,0,0
85,0,0
93,0,0
95,0,0
100,0,0
108,0,0
111,0,0
126,0,0
127,0,0
132,0,0
136,0,0
168,0,0
177,0,0
184,0,0
188,0,0
189,0,0
191,0,0
193,0,0
215,0,0
245,0,0
247,0,0
276,0,0
28,0,1
42,0,1
49,0,1
58,0,1
71,0,1
81,0,1
86,0,1
107,0,1
116,0,1
125,0,1
129,0,1
130,0,1
134,0,1
143,0,1
146,0,1
149,0,1
164,0,1
174,0,1
179,0,1
182,0,1
186,0,1
197,0,1
203,0,1
205,0,1
253,0,1
264,0,1
267,0,1
268,0,1
9,0,2
14,0,2
18,0,2
48,0,2
61,0,2
72,0,2
73,0,2
91,0,2
98,0,2
105,0,2
131,0,2
137,0,2
141,0,2
153,0,2
156,0,2
161,0,2
163,0,2
171,0,2
173,0,2
175,0,2
181,0,2
214,0,2
226,0,2
230,0,2
243,0,2
255,0,2
258,0,2
266,0,2
20,0,3
30,0,3
37,0,3
38,0,3
41,0,3
59,0,3
69,0,3
83,0,3
120,0,3
128,0,3
133,0,3
135,0,3
148,0,3
151,0,3
154,0,3
159,0,3
167,0,3
198,0,3
216,0,3
218,0,3
225,0,3
227,0,3
238,0,3
239,0,3
249,0,3
256,0,3
259,0,3
262,0,3
12,0,4
16,0,4
31,0,4
39,0,4
47,0,4
50,0,4
55,0,4
62,0,4
63,0,4
70,0,4
78,0,4
92,0,4
96,0,4
106,0,4
113,0,4
114,0,4
122,0,4
140,0,4
142,0,4
145,0,4
196,0,4
210,0,4
219,0,4
237,0,4
257,0,4
261,0,4
269,0,4
272,0,4
5,0,5
10,0,5
24,0,5
32,0,5
35,0,5
43,0,5
53,0,5
60,0,5
75,0,5
79,0,5
88,0,5
99,0,5
103,0,5
109,0,5
124,0,5
138,0,5
152,0,5
166,0,5
183,0,5
185,0,5
192,0,5
204,0,5
207,0,5
235,0,5
236,0,5
246,0,5
265,0,5
273,0,5
11,0,6
13,0,6
33,0,6
44,0,6
51,0,6
64,0,6
66,0,6
77,0,6
80,0,6
82,0,6
89,0,6
94,0,6
110,0,6
119,0,6
123,0,6
139,0,6
155,0,6
158,0,6
170,0,6
172,0,6
190,0,6
211,0,6
221,0,6
224,0,6
228,0,6
229,0,6
231,0,6
240,0,6
0,0,7
4,0,7
15,0,7
17,0,7
21,0,7
25,0,7
26,0,7
90,0,7
112,0,7
115,0,7
117,0,7
165,0,7
176,0,7
187,0,7
194,0,7
195,0,7
199,0,7
202,0,7
208,0,7
209,0,7
217,0,7
220,0,7
222,0,7
242,0,7
248,0,7
251,0,7
254,0,7
270,0,7
1,0,8
19,0,8
23,0,8
27,0,8
36,0,8
40,0,8
45,0,8
46,0,8
52,0,8
56,0,8
57,0,8
67,0,8
68,0,8
87,0,8
97,0,8
104,0,8
144,0,8
147,0,8
150,0,8
157,0,8
169,0,8
200,0,8
213,0,8
223,0,8
233,0,8
244,0,8
250,0,8
7,0,9
22,0,9
29,0,9
34,0,9
54,0,9
74,0,9
101,0,9
102,0,9
118,0,9
121,0,9
160,0,9
162,0,9
178,0,9
180,0,9
201,0,9
206,0,9
212,0,9
232,0,9
234,0,9
241,0,9
252,0,9
260,0,9
263,0,9
271,0,9
274,0,9
275,0,9
277,0,9
5,1,0
6,1,0
22,1,0
24,1,0
35,1,0
38,1,0
62,1,0
64,1,0
68,1,0
87,1,0
100,1,0
101,1,0
106,1,0
115,1,0
121,1,0
126,1,0
137,1,0
165,1,0
172,1,0
185,1,0
191,1,0
228,1,0
230,1,0
236,1,0
241,1,0
256,1,0
258,1,0
260,1,0
8,1,1
9,1,1
11,1,1
14,1,1
26,1,1
33,1,1
36,1,1
40,1,1
70,1,1
72,1,1
89,1,1
113,1,1
118,1,1
131,1,1
149,1,1
150,1,1
163,1,1
178,1,1
196,1,1
200,1,1
215,1,1
218,1,1
221,1,1
225,1,1
232,1,1
233,1,1
271,1,1
273,1,1
10,1,2
15,1,2
17,1,2
27,1,2
34,1,2
43,1,2
55,1,2
69,1,2
78,1,2
88,1,2
98,1,2
102,1,2
130,1,2
142,1,2
148,1,2
151,1,2
157,1,2
167,1,2
170,1,2
193,1,2
195,1,2
249,1,2
257,1,2
263,1,2
264,1,2
267,1,2
274,1,2
276,1,2
2,1,3
3,1,3
13,1,3
16,1,3
46,1,3
50,1,3
58,1,3
61,1,3
65,1,3
75,1,3
99,1,3
107,1,3
123,1,3
127,1,3
133,1,3
139,1,3
162,1,3
164,1,3
171,1,3
194,1,3
211,1,3
213,1,3
216,1,3
227,1,3
237,1,3
239,1,3
240,1,3
252,1,3
1,1,4
29,1,4
45,1,4
53,1,4
79,1,4
82,1,4
86,1,4
92,1,4
94,1,4
95,1,4
117,1,4
129,1,4
136,1,4
145,1,4
161,1,4
176,1,4
180,1,4
182,1,4
183,1,4
187,1,4
198,1,4
210,1,4
214,1,4
223,1,4
234,1,4
248,1,4
251,1,4
255,1,4
4,1,5
28,1,5
30,1,5
41,1,5
48,1,5
67,1,5
73,1,5
77,1,5
91,1,5
105,1,5
112,1,5
144,1,5
146,1,5
152,1,5
166,1,5
168,1,5
169,1,5
181,1,5
197,1,5
205,1,5
206,1,5
208,1,5
222,1,5
242,1,5
244,1,5
254,1,5
266,1,5
272,1,5
21,1,6
25,1,6
37,1,6
59,1,6
60,1,6
74,1,6
84,1,6
85,1,6
97,1,6
104,1,6
108,1,6
109,1,6
114,1,6
125,1,6
134,1,6
154,1,6
173,1,6
174,1,6
189,1,6
190,1,6
201,1,6
209,1,6
217,1,6
226,1,6
247,1,6
259,1,6
261,1,6
262,1,6
12,1,7
19,1,7
23,1,7
47,1,7
49,1,7
51,1,7
56,1,7
76,1,7
80,1,7
81,1,7
83,1,7
90,1,7
116,1,7
128,1,7
140,1,7
147,1,7
155,1,7
159,1,7
177,1,7
184,1,7
186,1,7
199,1,7
202,1,7
229,1,7
246,1,7
250,1,7
265,1,7
270,1,7
7,1,8
18,1,8
20,1,8
31,1,8
32,1,8
44,1,8
52,1,8
66,1,8
110,1,8
111,1,8
124,1,8
132,1,8
135,1,8
141,1,8
153,1,8
156,1,8
179,1,8
188,1,8
203,1,8
204,1,8
212,1,8
231,1,8
238,1,8
243,1,8
245,1,8
268,1,8
269,1,8
0,1,9
39,1,9
42,1,9
54,1,9
57,1,9
63,1,9
71,1,9
93,1,9
96,1,9
103,1,9
119,1,9
120,1,9
122,1,9
138,1,9
143,1,9
158,1,9
160,1,9
175,1,9
192,1,9
207,1,9
219,1,9
220,1,9
224,1,9
235,1,9
253,1,9
275,1,9
277,1,9
5,2,0
14,2,0
34,2,0
39,2,0
55,2,0
82,2,0
91,2,0
98,2,0
103,2,0
105,2,0
109,2,0
112,2,0
116,2,0
118,2,0
121,2,0
130,2,0
131,2,0
137,2,0
143,2,0
148,2,0
160,2,0
161,2,0
208,2,0
221,2,0
225,2,0
261,2,0
263,2,0
273,2,0
4,2,1
17,2,1
35,2,1
44,2,1
68,2,1
76,2,1
81,2,1
94,2,1
97,2,1
113,2,1
122,2,1
129,2,1
132,2,1
157,2,1
168,2,1
179,2,1
180,2,1
195,2,1
206,2,1
222,2,1
228,2,1
236,2,1
245,2,1
246,2,1
247,2,1
251,2,1
255,2,1
267,2,1
19,2,2
26,2,2
29,2,2
46,2,2
60,2,2
65,2,2
79,2,2
90,2,2
101,2,2
114,2,2
120,2,2
133,2,2
140,2,2
146,2,2
173,2,2
177,2,2
184,2,2
217,2,2
224,2,2
226,2,2
232,2,2
238,2,2
249,2,2
250,2,2
258,2,2
260,2,2
268,2,2
275,2,2
0,2,3
27,2,3
32,2,3
38,2,3
40,2,3
41,2,3
62,2,3
63,2,3
84,2,3
85,2,3
89,2,3
95,2,3
99,2,3
110,2,3
115,2,3
128,2,3
151,2,3
165,2,3
171,2,3
193,2,3
203,2,3
230,2,3
234,2,3
240,2,3
242,2,3
243,2,3
252,2,3
277,2,3
2,2,4
9,2,4
18,2,4
30,2,4
37,2,4
49,2,4
61,2,4
66,2,4
77,2,4
87,2,4
104,2,4
119,2,4
124,2,4
127,2,4
154,2,4
155,2,4
156,2,4
178,2,4
187,2,4
188,2,4
189,2,4
191,2,4
194,2,4
197,2,4
210,2,4
235,2,4
264,2,4
269,2,4
3,2,5
12,2,5
48,2,5
58,2,5
64,2,5
73,2,5
74,2,5
78,2,5
80,2,5
93,2,5
126,2,5
139,2,5
147,2,5
150,2,5
153,2,5
159,2,5
163,2,5
167,2,5
186,2,5
198,2,5
212,2,5
229,2,5
239,2,5
254,2,5
259,2,5
262,2,5
265,2,5
270,2,5
6,2,6
10,2,6
20,2,6
22,2,6
31,2,6
36,2,6
42,2,6
45,2,6
51,2,6
54,2,6
56,2,6
57,2,6
59,2,6
86,2,6
88,2,6
102,2,6
117,2,6
136,2,6
144,2,6
158,2,6
164,2,6
166,2,6
192,2,6
199,2,6
209,2,6
220,2,6
233,2,6
237,2,6
7,2,7
15,2,7
28,2,7
52,2,7
53,2,7
70,2,7
71,2,7
96,2,7
100,2,7
107,2,7
123,2,7
134,2,7
145,2,7
169,2,7
174,2,7
175,2,7
176,2,7
202,2,7
211,2,7
213,2,7
214,2,7
231,2,7
248,2,7
253,2,7
266,2,7
271,2,7
274,2,7
276,2,7
1,2,8
8,2,8
16,2,8
21,2,8
24,2,8
47,2,8
50,2,8
69,2,8
72,2,8
83,2,8
92,2,8
108,2,8
111,2,8
125,2,8
141,2,8
149,2,8
152,2,8
170,2,8
172,2,8
181,2,8
183,2,8
204,2,8
207,2,8
223,2,8
244,2,8
256,2,8
257,2,8
11,2,9
13,2,9
23,2,9
25,2,9
33,2,9
43,2,9
67,2,9
75,2,9
106,2,9
135,2,9
138,2,9
142,2,9
162,2,9
182,2,9
185,2,9
190,2,9
196,2,9
200,2,9
201,2,9
205,2,9
215,2,9
216,2,9
218,2,9
219,2,9
227,2,9
241,2,9
272,2,9
17,3,0
19,3,0
31,3,0
36,3,0
53,3,0
55,3,0
57,3,0
83,3,0
87,3,0
94,3,0
97,3,0
98,3,0
101,3,0
106,3,0
123,3,0
127,3,0
145,3,0
148,3,0
189,3,0
205,3,0
211,3,0
221,3,0
223,3,0
226,3,0
237,3,0
240,3,0
246,3,0
266,3,0
1,3,1
22,3,1
34,3,1
43,3,1
45,3,1
51,3,1
68,3,1
69,3,1
76,3,1
79,3,1
82,3,1
86,3,1
90,3,1
91,3,1
111,3,1
131,3,1
133,3,1
135,3,1
143,3,1
159,3,1
166,3,1
178,3,1
188,3,1
202,3,1
204,3,1
222,3,1
225,3,1
248,3,1
12,3,2
26,3,2
28,3,2
56,3,2
74,3,2
77,3,2
99,3,2
102,3,2
115,3,2
134,3,2
136,3,2
137,3,2
138,3,2
163,3,2
165,3,2
167,3,2
169,3,2
174,3,2
194,3,2
206,3,2
212,3,2
218,3,2
244,3,2
247,3,2
257,3,2
258,3,2
267,3,2
275,3,2
3,3,3
6,3,3
8,3,3
11,3,3
21,3,3
61,3,3
73,3,3
89,3,3
109,3,3
121,3,3
128,3,3
132,3,3
140,3,3
156,3,3
160,3,3
179,3,3
193,3,3
198,3,3
224,3,3
228,3,3
235,3,3
238,3,3
239,3,3
241,3,3
251,3,3
255,3,3
260,3,3
262,3,3
9,3,4
13,3,4
41,3,4
48,3,4
63,3,4
75,3,4
78,3,4
93,3,4
100,3,4
114,3,4
118,3,4
120,3,4
122,3,4
126,3,4
162,3,4
168,3,4
181,3,4
192,3,4
195,3,4
201,3,4
220,3,4
227,3,4
242,3,4
243,3,4
252,3,4
254,3,4
256,3,4
265,3,4
23,3,5
30,3,5
35,3,5
39,3,5
42,3,5
47,3,5
52,3,5
65,3,5
95,3,5
105,3,5
107,3,5
117,3,5
119,3,5
124,3,5
139,3,5
147,3,5
150,3,5
158,3,5
172,3,5
177,3,5
183,3,5
184,3,5
191,3,5
216,3,5
245,3,5
253,3,5
271,3,5
276,3,5
4,3,6
24,3,6
25,3,6
46,3,6
64,3,6
67,3,6
113,3,6
116,3,6
129,3,6
149,3,6
151,3,6
152,3,6
176,3,6
180,3,6
200,3,6
207,3,6
208,3,6
214,3,6
217,3,6
219,3,6
230,3,6
232,3,6
236,3,6
263,3,6
268,3,6
270,3,6
272,3,6
274,3,6
7,3,7
10,3,7
27,3,7
33,3,7
40,3,7
58,3,7
66,3,7
70,3,7
88,3,7
110,3,7
130,3,7
141,3,7
142,3,7
153,3,7
155,3,7
164,3,7
173,3,7
182,3,7
190,3,7
196,3,7
199,3,7
209,3,7
210,3,7
229,3,7
233,3,7
250,3,7
264,3,7
273,3,7
0,3,8
15,3,8
16,3,8
20,3,8
37,3,8
49,3,8
50,3,8
54,3,8
60,3,8
72,3,8
84,3,8
92,3,8
103,3,8
104,3,8
125,3,8
144,3,8
146,3,8
154,3,8
161,3,8
186,3,8
187,3,8
197,3,8
203,3,8
213,3,8
215,3,8
259,3,8
277,3,8
2,3,9
5,3,9
14,3,9
18,3,9
29,3,9
32,3,9
38,3,9
44,3,9
59,3,9
62,3,9
71,3,9
80,3,9
81,3,9
85,3,9
96,3,9
108,3,9
112,3,9
157,3,9
170,3,9
171,3,9
175,3,9
185,3,9
231,3,9
234,3,9
249,3,9
261,3,9
269,3,9
1,4,0
4,4,0
7,4,0
10,4,0
25,4,0
70,4,0
83,4,0
94,4,0
100,4,0
131,4,0
133,4,0
152,4,0
154,4,0
156,4,0
166,4,0
176,4,0
182,4,0
186,4,0
194,4,0
204,4,0
212,4,0
219,4,0
224,4,0
226,4,0
234,4,0
239,4,0
259,4,0
265,4,0
3,4,1
5,4,1
16,4,1
21,4,1
33,4,1
34,4,1
42,4,1
49,4,1
52,4,1
56,4,1
69,4,1
74,4,1
91,4,1
113,4,1
124,4,1
127,4,1
158,4,1
177,4,1
178,4,1
214,4,1
215,4,1
216,4,1
235,4,1
242,4,1
248,4,1
267,4,1
270,4,1
276,4,1
19,4,2
31,4,2
35,4,2
45,4,2
47,4,2
58,4,2
63,4,2
75,4,2
78,4,2
85,4,2
93,4,2
96,4,2
99,4,2
135,4,2
144,4,2
162,4,2
168,4,2
183,4,2
189,4,2
196,4,2
202,4,2
207,4,2
210,4,2
232,4,2
246,4,2
247,4,2
250,4,2
266,4,2
23,4,3
27,4,3
50,4,3
61,4,3
68,4,3
72,4,3
81,4,3
84,4,3
88,4,3
90,4,3
104,4,3
105,4,3
122,4,3
137,4,3
139,4,3
142,4,3
149,4,3
160,4,3
170,4,3
171,4,3
201,4,3
206,4,3
220,4,3
244,4,3
263,4,3
264,4,3
272,4,3
274,4,3
2,4,4
6,4,4
18,4,4
20,4,4
40,4,4
55,4,4
59,4,4
64,4,4
77,4,4
89,4,4
103,4,4
115,4,4
123,4,4
138,4,4
140,4,4
146,4,4
155,4,4
165,4,4
172,4,4
173,4,4
175,4,4
199,4,4
205,4,4
222,4,4
225,4,4
237,4,4
271,4,4
275,4,4
0,4,5
13,4,5
39,4,5
66,4,5
76,4,5
95,4,5
97,4,5
114,4,5
120,4,5
147,4,5
157,4,5
161,4,5
163,4,5
164,4,5
185,4,5
187,4,5
195,4,5
203,4,5
209,4,5
223,4,5
228,4,5
230,4,5
231,4,5
233,4,5
245,4,5
252,4,5
262,4,5
277,4,5
8,4,6
11,4,6
12,4,6
22,4,6
26,4,6
28,4,6
32,4,6
37,4,6
43,4,6
44,4,6
46,4,6
48,4,6
54,4,6
60,4,6
62,4,6
65,4,6
67,4,6
82,4,6
102,4,6
112,4,6
125,4,6
128,4,6
132,4,6
193,4,6
198,4,6
229,4,6
240,4,6
254,4,6
9,4,7
14,4,7
15,4,7
17,4,7
24,4,7
29,4,7
38,4,7
57,4,7
79,4,7
87,4,7
101,4,7
107,4,7
110,4,7
129,4,7
145,4,7
150,4,7
153,4,7
174,4,7
181,4,7
190,4,7
197,4,7
200,4,7
208,4,7
217,4,7
249,4,7
251,4,7
256,4,7
273,4,7
30,4,8
41,4,8
51,4,8
71,4,8
92,4,8
111,4,8
116,4,8
118,4,8
119,4,8
126,4,8
130,4,8
136,4,8
141,4,8
143,4,8
148,4,8
167,4,8
169,4,8
191,4,8
192,4,8
221,4,8
236,4,8
238,4,8
243,4,8
253,4,8
257,4,8
258,4,8
268,4,8
36,4,9
53,4,9
73,4,9
80,4,9
86,4,9
98,4,9
106,4,9
108,4,9
109,4,9
117,4,9
121,4,9
134,4,9
151,4,9
159,4,9
179,4,9
180,4,9
184,4,9
188,4,9
211,4,9
213,4,9
218,4,9
227,4,9
241,4,9
255,4,9
260,4,9
261,4,9
269,4,9
10,5,0
18,5,0
19,5,0
24,5,0
25,5,0
27,5,0
32,5,0
64,5,0
89,5,0
97,5,0
105,5,0
108,5,0
116,5,0
118,5,0
129,5,0
140,5,0
143,5,0
144,5,0
165,5,0
199,5,0
212,5,0
223,5,0
229,5,0
247,5,0
251,5,0
255,5,0
268,5,0
273,5,0
1,5,1
3,5,1
6,5,1
60,5,1
65,5,1
69,5,1
86,5,1
88,5,1
96,5,1
114,5,1
119,5,1
123,5,1
132,5,1
167,5,1
169,5,1
174,5,1
180,5,1
200,5,1
208,5,1
220,5,1
221,5,1
240,5,1
253,5,1
258,5,1
260,5,1
266,5,1
274,5,1
275,5,1
2,5,2
5,5,2
8,5,2
16,5,2
22,5,2
28,5,2
31,5,2
37,5,2
53,5,2
55,5,2
61,5,2
80,5,2
82,5,2
101,5,2
121,5,2
135,5,2
152,5,2
155,5,2
171,5,2
176,5,2
189,5,2
192,5,2
195,5,2
198,5,2
211,5,2
218,5,2
233,5,2
252,5,2
17,5,3
21,5,3
29,5,3
30,5,3
50,5,3
51,5,3
57,5,3
66,5,3
75,5,3
79,5,3
81,5,3
94,5,3
102,5,3
103,5,3
126,5,3
130,5,3
134,5,3
150,5,3
158,5,3
159,5,3
184,5,3
196,5,3
219,5,3
222,5,3
224,5,3
226,5,3
228,5,3
264,5,3
0,5,4
4,5,4
9,5,4
15,5,4
36,5,4
52,5,4
90,5,4
99,5,4
106,5,4
124,5,4
127,5,4
131,5,4
136,5,4
151,5,4
170,5,4
178,5,4
187,5,4
201,5,4
207,5,4
227,5,4
231,5,4
232,5,4
235,5,4
243,5,4
246,5,4
256,5,4
269,5,4
272,5,4
26,5,5
43,5,5
44,5,5
45,5,5
47,5,5
59,5,5
63,5,5
67,5,5
110,5,5
147,5,5
160,5,5
179,5,5
182,5,5
186,5,5
193,5,5
202,5,5
204,5,5
209,5,5
236,5,5
237,5,5
239,5,5
241,5,5
242,5,5
249,5,5
259,5,5
261,5,5
267,5,5
276,5,5
7,5,6
23,5,6
33,5,6
40,5,6
46,5,6
48,5,6
58,5,6
68,5,6
77,5,6
78,5,6
83,5,6
111,5,6
113,5,6
137,5,6
139,5,6
149,5,6
168,5,6
183,5,6
190,5,6
191,5,6
210,5,6
214,5,6
215,5,6
244,5,6
245,5,6
254,5,6
265,5,6
277,5,6
14,5,7
34,5,7
35,5,7
39,5,7
56,5,7
70,5,7
84,5,7
85,5,7
98,5,7
104,5,7
109,5,7
115,5,7
117,5,7
141,5,7
142,5,7
154,5,7
161,5,7
162,5,7
163,5,7
166,5,7
172,5,7
173,5,7
175,5,7
181,5,7
197,5,7
257,5,7
270,5,7
271,5,7
13,5,8
41,5,8
49,5,8
71,5,8
72,5,8
74,5,8
91,5,8
107,5,8
120,5,8
122,5,8
125,5,8
138,5,8
153,5,8
156,5,8
157,5,8
164,5,8
188,5,8
194,5,8
203,5,8
213,5,8
216,5,8
217,5,8
225,5,8
230,5,8
238,5,8
248,5,8
250,5,8
11,5,9
12,5,9
20,5,9
38,5,9
42,5,9
54,5,9
62,5,9
73,5,9
76,5,9
87,5,9
92,5,9
93,5,9
95,5,9
100,5,9
112,5,9
128,5,9
133,5,9
145,5,9
146,5,9
148,5,9
177,5,9
185,5,9
205,5,9
206,5,9
234,5,9
262,5,9
263,5,9
12,6,0
16,6,0
17,6,0
28,6,0
43,6,0
45,6,0
49,6,0
53,6,0
74,6,0
104,6,0
108,6,0
111,6,0
112,6,0
126,6,0
136,6,0
138,6,0
167,6,0
173,6,0
183,6,0
207,6,0
218,6,0
230,6,0
232,6,0
252,6,0
255,6,0
266,6,0
272,6,0
275,6,0
1,6,1
5,6,1
9,6,1
56,6,1
57,6,1
59,6,1
63,6,1
80,6,1
84,6,1
90,6,1
145,6,1
147,6,1
151,6,1
163,6,1
164,6,1
165,6,1
185,6,1
187,6,1
188,6,1
196,6,1
204,6,1
206,6,1
216,6,1
235,6,1
236,6,1
240,6,1
254,6,1
269,6,1
30,6,2
33,6,2
44,6,2
71,6,2
73,6,2
96,6,2
100,6,2
102,6,2
103,6,2
117,6,2
124,6,2
132,6,2
134,6,2
146,6,2
150,6,2
152,6,2
160,6,2
170,6,2
182,6,2
184,6,2
198,6,2
200,6,2
212,6,2
214,6,2
220,6,2
267,6,2
268,6,2
273,6,2
7,6,3
10,6,3
47,6,3
61,6,3
67,6,3
72,6,3
77,6,3
82,6,3
86,6,3
91,6,3
95,6,3
101,6,3
106,6,3
120,6,3
139,6,3
144,6,3
154,6,3
155,6,3
178,6,3
191,6,3
192,6,3
193,6,3
199,6,3
237,6,3
245,6,3
250,6,3
253,6,3
258,6,3
3,6,4
8,6,4
13,6,4
23,6,4
27,6,4
34,6,4
35,6,4
69,6,4
89,6,4
94,6,4
127,6,4
128,6,4
142,6,4
148,6,4
172,6,4
177,6,4
180,6,4
181,6,4
201,6,4
205,6,4
219,6,4
221,6,4
229,6,4
238,6,4
241,6,4
259,6,4
264,6,4
274,6,4
6,6,5
22,6,5
37,6,5
40,6,5
62,6,5
76,6,5
81,6,5
93,6,5
97,6,5
99,6,5
107,6,5
116,6,5
125,6,5
137,6,5
149,6,5
153,6,5
169,6,5
189,6,5
190,6,5
194,6,5
208,6,5
209,6,5
213,6,5
222,6,5
233,6,5
247,6,5
248,6,5
249,6,5
19,6,6
21,6,6
25,6,6
26,6,6
38,6,6
41,6,6
68,6,6
75,6,6
85,6,6
87,6,6
92,6,6
105,6,6
109,6,6
122,6,6
129,6,6
130,6,6
131,6,6
159,6,6
161,6,6
176,6,6
179,6,6
197,6,6
202,6,6
210,6,6
243,6,6
260,6,6
261,6,6
270,6,6
2,6,7
32,6,7
39,6,7
42,6,7
52,6,7
65,6,7
66,6,7
78,6,7
79,6,7
110,6,7
118,6,7
135,6,7
156,6,7
162,6,7
166,6,7
175,6,7
215,6,7
217,6,7
226,6,7
228,6,7
234,6,7
239,6,7
242,6,7
244,6,7
256,6,7
257,6,7
263,6,7
276,6,7
0,6,8
20,6,8
24,6,8
29,6,8
31,6,8
48,6,8
50,6,8
51,6,8
54,6,8
55,6,8
64,6,8
70,6,8
98,6,8
113,6,8
119,6,8
133,6,8
140,6,8
157,6,8
158,6,8
171,6,8
174,6,8
186,6,8
195,6,8
203,6,8
227,6,8
251,6,8
265,6,8
4,6,9
11,6,9
14,6,9
15,6,9
18,6,9
36,6,9
46,6,9
58,6,9
60,6,9
83,6,9
88,6,9
114,6,9
115,6,9
121,6,9
123,6,9
141,6,9
143,6,9
168,6,9
211,6,9
223,6,9
224,6,9
225,6,9
231,6,9
246,6,9
262,6,9
271,6,9
277,6,9
3,7,0
14,7,0
18,7,0
30,7,0
41,7,0
48,7,0
57,7,0
63,7,0
65,7,0
111,7,0
113,7,0
114,7,0
130,7,0
165,7,0
166,7,0
170,7,0
171,7,0
173,7,0
175,7,0
191,7,0
193,7,0
199,7,0
203,7,0
207,7,0
223,7,0
224,7,0
240,7,0
250,7,0
21,7,1
24,7,1
34,7,1
40,7,1
43,7,1
107,7,1
108,7,1
110,7,1
131,7,1
137,7,1
152,7,1
162,7,1
180,7,1
184,7,1
185,7,1
187,7,1
195,7,1
200,7,1
201,7,1
218,7,1
220,7,1
229,7,1
231,7,1
236,7,1
241,7,1
243,7,1
246,7,1
274,7,1
4,7,2
44,7,2
47,7,2
61,7,2
64,7,2
79,7,2
83,7,2
85,7,2
95,7,2
97,7,2
105,7,2
106,7,2
128,7,2
142,7,2
147,7,2
153,7,2
157,7,2
194,7,2
197,7,2
212,7,2
217,7,2
221,7,2
249,7,2
251,7,2
259,7,2
264,7,2
270,7,2
272,7,2
5,7,3
6,7,3
9,7,3
23,7,3
26,7,3
28,7,3
31,7,3
45,7,3
70,7,3
82,7,3
87,7,3
94,7,3
103,7,3
119,7,3
123,7,3
141,7,3
145,7,3
181,7,3
196,7,3
205,7,3
213,7,3
222,7,3
226,7,3
254,7,3
255,7,3
261,7,3
267,7,3
271,7,3
0,7,4
42,7,4
53,7,4
56,7,4
58,7,4
62,7,4
84,7,4
88,7,4
102,7,4
115,7,4
118,7,4
136,7,4
159,7,4
161,7,4
176,7,4
182,7,4
186,7,4
189,7,4
215,7,4
219,7,4
228,7,4
230,7,4
232,7,4
256,7,4
266,7,4
268,7,4
275,7,4
277,7,4
13,7,5
22,7,5
35,7,5
55,7,5
59,7,5
69,7,5
73,7,5
75,7,5
89,7,5
93,7,5
99,7,5
100,7,5
104,7,5
120,7,5
133,7,5
139,7,5
143,7,5
144,7,5
149,7,5
154,7,5
160,7,5
163,7,5
179,7,5
190,7,5
234,7,5
248,7,5
260,7,5
262,7,5
1,7,6
8,7,6
12,7,6
19,7,6
29,7,6
36,7,6
37,7,6
52,7,6
67,7,6
77,7,6
81,7,6
116,7,6
121,7,6
124,7,6
138,7,6
146,7,6
167,7,6
168,7,6
192,7,6
204,7,6
210,7,6
211,7,6
227,7,6
235,7,6
238,7,6
242,7,6
247,7,6
276,7,6
15,7,7
17,7,7
20,7,7
27,7,7
32,7,7
39,7,7
49,7,7
60,7,7
71,7,7
72,7,7
76,7,7
112,7,7
117,7,7
125,7,7
127,7,7
134,7,7
135,7,7
164,7,7
169,7,7
178,7,7
206,7,7
214,7,7
216,7,7
225,7,7
239,7,7
244,7,7
245,7,7
273,7,7
7,7,8
10,7,8
16,7,8
25,7,8
33,7,8
38,7,8
50,7,8
51,7,8
54,7,8
68,7,8
74,7,8
80,7,8
86,7,8
92,7,8
122,7,8
126,7,8
140,7,8
148,7,8
151,7,8
183,7,8
188,7,8
233,7,8
237,7,8
252,7,8
253,7,8
257,7,8
269,7,8
2,7,9
11,7,9
46,7,9
66,7,9
78,7,9
90,7,9
91,7,9
96,7,9
98,7,9
101,7,9
109,7,9
129,7,9
132,7,9
150,7,9
155,7,9
156,7,9
158,7,9
172,7,9
174,7,9
177,7,9
198,7,9
202,7,9
208,7,9
209,7,9
258,7,9
263,7,9
265,7,9
10,8,0
17,8,0
22,8,0
31,8,0
43,8,0
69,8,0
76,8,0
81,8,0
93,8,0
97,8,0
103,8,0
115,8,0
123,8,0
129,8,0
140,8,0
144,8,0
160,8,0
176,8,0
178,8,0
191,8,0
197,8,0
201,8,0
209,8,0
211,8,0
227,8,0
228,8,0
230,8,0
237,8,0
7,8,1
15,8,1
18,8,1
20,8,1
30,8,1
35,8,1
47,8,1
55,8,1
62,8,1
95,8,1
96,8,1
104,8,1
107,8,1
118,8,1
145,8,1
147,8,1
155,8,1
163,8,1
164,8,1
166,8,1
170,8,1
182,8,1
186,8,1
187,8,1
204,8,1
208,8,1
259,8,1
275,8,1
2,8,2
5,8,2
19,8,2
36,8,2
52,8,2
79,8,2
109,8,2
112,8,2
114,8,2
117,8,2
135,8,2
148,8,2
162,8,2
174,8,2
179,8,2
192,8,2
212,8,2
214,8,2
216,8,2
222,8,2
229,8,2
242,8,2
250,8,2
251,8,2
255,8,2
262,8,2
274,8,2
277,8,2
6,8,3
21,8,3
23,8,3
37,8,3
39,8,3
40,8,3
59,8,3
75,8,3
94,8,3
127,8,3
128,8,3
136,8,3
154,8,3
161,8,3
165,8,3
171,8,3
175,8,3
200,8,3
218,8,3
225,8,3
235,8,3
241,8,3
253,8,3
258,8,3
260,8,3
267,8,3
271,8,3
272,8,3
1,8,4
9,8,4
16,8,4
26,8,4
27,8,4
51,8,4
68,8,4
71,8,4
77,8,4
78,8,4
80,8,4
86,8,4
88,8,4
91,8,4
116,8,4
126,8,4
143,8,4
173,8,4
181,8,4
183,8,4
202,8,4
203,8,4
223,8,4
252,8,4
256,8,4
263,8,4
264,8,4
270,8,4
13,8,5
24,8,5
32,8,5
46,8,5
58,8,5
63,8,5
64,8,5
67,8,5
82,8,5
85,8,5
87,8,5
98,8,5
100,8,5
111,8,5
113,8,5
119,8,5
121,8,5
124,8,5
132,8,5
133,8,5
141,8,5
151,8,5
205,8,5
207,8,5
231,8,5
238,8,5
257,8,5
269,8,5
4,8,6
28,8,6
29,8,6
42,8,6
44,8,6
45,8,6
48,8,6
56,8,6
57,8,6
60,8,6
89,8,6
92,8,6
102,8,6
106,8,6
120,8,6
122,8,6
130,8,6
138,8,6
139,8,6
142,8,6
156,8,6
168,8,6
172,8,6
190,8,6
198,8,6
199,8,6
232,8,6
243,8,6
0,8,7
50,8,7
54,8,7
66,8,7
70,8,7
72,8,7
74,8,7
90,8,7
99,8,7
101,8,7
108,8,7
137,8,7
158,8,7
159,8,7
167,8,7
193,8,7
206,8,7
213,8,7
217,8,7
221,8,7
226,8,7
233,8,7
240,8,7
246,8,7
247,8,7
248,8,7
261,8,7
266,8,7
14,8,8
25,8,8
49,8,8
53,8,8
65,8,8
83,8,8
84,8,8
105,8,8
110,8,8
131,8,8
134,8,8
149,8,8
150,8,8
153,8,8
180,8,8
184,8,8
185,8,8
188,8,8
189,8,8
195,8,8
215,8,8
219,8,8
224,8,8
245,8,8
249,8,8
268,8,8
276,8,8
3,8,9
8,8,9
11,8,9
12,8,9
33,8,9
34,8,9
38,8,9
41,8,9
61,8,9
73,8,9
125,8,9
146,8,9
152,8,9
157,8,9
169,8,9
177,8,9
194,8,9
196,8,9
210,8,9
220,8,9
234,8,9
236,8,9
239,8,9
244,8,9
254,8,9
265,8,9
273,8,9
2,9,0
25,9,0
47,9,0
56,9,0
67,9,0
69,9,0
77,9,0
83,9,0
86,9,0
95,9,0
99,9,0
105,9,0
106,9,0
131,9,0
134,9,0
150,9,0
157,9,0
167,9,0
172,9,0
183,9,0
190,9,0
219,9,0
222,9,0
231,9,0
237,9,0
240,9,0
242,9,0
274,9,0
59,9,1
75,9,1
82,9,1
90,9,1
94,9,1
101,9,1
107,9,1
111,9,1
119,9,1
120,9,1
139,9,1
141,9,1
147,9,1
173,9,1
176,9,1
177,9,1
185,9,1
188,9,1
189,9,1
205,9,1
210,9,1
217,9,1
224,9,1
244,9,1
249,9,1
250,9,1
252,9,1
275,9,1
13,9,2
20,9,2
28,9,2
31,9,2
38,9,2
40,9,2
46,9,2
70,9,2
84,9,2
110,9,2
121,9,2
122,9,2
123,9,2
126,9,2
132,9,2
135,9,2
163,9,2
166,9,2
194,9,2
197,9,2
212,9,2
221,9,2
233,9,2
239,9,2
260,9,2
271,9,2
273,9,2
277,9,2
24,9,3
33,9,3
45,9,3
48,9,3
53,9,3
61,9,3
65,9,3
97,9,3
100,9,3
104,9,3
109,9,3
127,9,3
128,9,3
140,9,3
148,9,3
156,9,3
162,9,3
175,9,3
180,9,3
187,9,3
192,9,3
202,9,3
213,9,3
214,9,3
215,9,3
236,9,3
238,9,3
264,9,3
9,9,4
15,9,4
19,9,4
23,9,4
42,9,4
43,9,4
57,9,4
58,9,4
66,9,4
71,9,4
74,9,4
78,9,4
79,9,4
85,9,4
103,9,4
115,9,4
118,9,4
129,9,4
146,9,4
159,9,4
169,9,4
181,9,4
193,9,4
201,9,4
206,9,4
225,9,4
226,9,4
246,9,4
0,9,5
4,9,5
8,9,5
21,9,5
29,9,5
32,9,5
54,9,5
73,9,5
88,9,5
93,9,5
114,9,5
133,9,5
136,9,5
154,9,5
155,9,5
158,9,5
164,9,5
170,9,5
204,9,5
218,9,5
220,9,5
228,9,5
235,9,5
243,9,5
247,9,5
257,9,5
265,9,5
266,9,5
1,9,6
3,9,6
6,9,6
7,9,6
11,9,6
16,9,6
17,9,6
34,9,6
35,9,6
49,9,6
51,9,6
62,9,6
63,9,6
68,9,6
76,9,6
80,9,6
108,9,6
113,9,6
116,9,6
124,9,6
178,9,6
184,9,6
196,9,6
227,9,6
256,9,6
261,9,6
268,9,6
269,9,6
27,9,7
36,9,7
41,9,7
44,9,7
60,9,7
64,9,7
102,9,7
117,9,7
137,9,7
142,9,7
151,9,7
153,9,7
160,9,7
174,9,7
179,9,7
186,9,7
199,9,7
216,9,7
229,9,7
232,9,7
241,9,7
248,9,7
251,9,7
254,9,7
258,9,7
259,9,7
263,9,7
276,9,7
5,9,8
14,9,8
22,9,8
30,9,8
37,9,8
52,9,8
55,9,8
72,9,8
89,9,8
92,9,8
98,9,8
112,9,8
138,9,8
144,9,8
145,9,8
149,9,8
168,9,8
171,9,8
182,9,8
191,9,8
195,9,8
203,9,8
207,9,8
209,9,8
211,9,8
262,9,8
267,9,8
10,9,9
12,9,9
18,9,9
26,9,9
39,9,9
50,9,9
81,9,9
87,9,9
91,9,9
96,9,9
125,9,9
130,9,9
143,9,9
152,9,9
161,9,9
165,9,9
198,9,9
200,9,9
208,9,9
223,9,9
230,9,9
234,9,9
245,9,9
253,9,9
255,9,9
270,9,9
272,9,9
